No,Title,Maker,Catalog_No,Release_date,Genre,Proper_price,yomi_ja,PRG-ROM,CHR-ROM,MAP,Memory,Serial_number,Rarity,Memo
1,ドンキーコング,任天堂,HVC-DK,1983/7/15,ACT,4500,どんきーこんぐ,16K,8K,0,no,,,
2,ドンキーコングJr．,任天堂,HVC-JR,1983/7/15,ACT,4500,どんきーこんぐじゅにあ,16K,8K,0,no,,,
3,ポパイ,任天堂,HVC-PP,1983/7/15,ACT,4500,ぽぱい,16K,8K,0,no,,,
4,五目ならべ 連珠,任天堂,HVC-GO,1983/8/27,TAB,4500,ごもくならべ れんじゅ,16K,8K,0,no,,,
5,麻雀,任天堂,HVC-MJ,1983/8/27,TAB,4500,まーじゃん,16K,8K,0,no,,,
6,マリオブラザーズ,任天堂,HVC-MA,1983/9/9,ACT,4500,まりおぶらざーず,16K,8K,0,no,,,
7,ポパイの英語遊び,任天堂,HVC-EN,1983/11/22,ETC,4500,ぽぱいのえいごあそび,16K,8K,0,no,,,
8,ベースボール,任天堂,HVC-BA,1983/12/7,SPT,4500,べーすぼーる,16K,8K,0,no,,,
9,ドンキーコングJr．の算数遊び,任天堂,HVC-CA,1983/12/12,ETC,4500,どんきーこんぐじゅにあのさんすうあそび,16K,8K,0,no,,,
10,テニス,任天堂,HVC-TE,1984/1/14,SPT,4500,てにす,16K,8K,0,no,,,
11,ピンボール,任天堂,HVC-PN,1984/2/2,TAB,4500,ぴんぼーる,16K,8K,0,no,,,
12,ワイルドガンマン,任天堂,HVC-WG,1984/2/18,SHT,4500,わいるどがんまん,16K,8K,0,no,,,要[光]
13,ダックハント,任天堂,HVC-DH,1984/4/21,SHT,4500,だっくはんと,16K,8K,0,no,,,要[光]
14,ゴルフ,任天堂,HVC-GF,1984/5/1,SPT,4500,ごるふ,16K,8K,0,no,,,
15,ホーガンズアレイ,任天堂,HVC-HA,1984/6/12,SHT,4500,ほーがんずあれい,16K,8K,0,no,,,要[光]
16,ファミリーベーシック,任天堂,HVC-FB,1984/6/21,ETC,14800,ふぁみりーべーしっく,32K,8K,0,no,,,要[キーボード]
17,ドンキーコング3,任天堂,HVC-DT,1984/7/4,SHT,4500,どんきーこんぐ3,16K,8K,0,no,,,
18,ナッツ＆ミルク,ハドソン,HFC-NM,1984/7/28,ACT,4500,なっつ＆みるく,16K,8K,0,no,,,
19,ロードランナー,ハドソン,HFC-LR,1984/7/31,PZL,4500,ろーどらんなー,16K,8K,0,no,,,
20,ギャラクシアン,ナムコ,NGX-4500,1984/9/7,SHT,4500,ぎゃらくしあん,16K,8K,0,no,1,,
21,デビルワールド,任天堂,HVC-DD,1984/10/5,ACT,4500,でびるわーるど,16K,8K,0,no,,,
22,4人打ち麻雀,任天堂,HVC-FJ,1984/11/2,TAB,4500,よにんうち,16K,8K,0,no,,,
23,F1レース,任天堂,HVC-FR,1984/11/2,RAC,4500,えふわんれーす,16K,8K,0,no,,,
24,パックマン,ナムコ,NPM-4500,1984/11/2,ACT,4500,ぱっくまん,16K,8K,0,no,2,,
25,ゼビウス,ナムコ,NXV-4900,1984/11/8,SHT,4900,ぜびうす,32K,8K,0,no,3,,
26,アーバンチャンピオン,任天堂,HVC-UC,1984/11/14,ACT,4500,あーばんちゃんぴおん,16K,8K,0,no,,,
27,マッピー,ナムコ,NMP-4500,1984/11/14,ACT,4500,まっぴー,16K,8K,0,no,4,,
28,クルクルランド,任天堂,HVC-CL,1984/11/22,PZL,4500,くるくるらんど,16K,8K,0,no,,,
29,エキサイトバイク,任天堂,HVC-EB,1984/11/30,RAC,5500,えきさいとばいく,16K,8K,0,no,,,
30,バルーンファイト,任天堂,HVC-BF,1985/1/22,ACT,4500,ばるーんふぁいと,16K,8K,0,no,,,
31,アイスクライマー,任天堂,HVC-IC,1985/1/30,ACT,4500,あいすくらいまー,16K,8K,0,no,,,
32,エクセリオン,ジャレコ,JF-01,1985/2/11,SHT,4500,えくせりおん,16K,8K,0,no,,,
33,ファミリーベーシックV3,任天堂,HVC-VT,1985/2/21,ETC,9800,ふぁみりーべーしっくV3,32K,8K,0,no,,,要[キーボード]
34,バンゲリングベイ,ハドソン,HFC-RB,1985/2/22,SHT,4900,ばんげりんぐべい,16K,8K,0,no,,,
35,ギャラガ,ナムコ,NGG-4500,1985/3/14,SHT,4500,ぎゃらが,16K,8K,0,no,5,,
36,フォーメーションZ,ジャレコ,JF-02,1985/4/4,SHT,4500,ふぉーめーしょんZ,16K,8K,0,no,,,
37,サッカー,任天堂,HVC-SC,1985/4/9,SPT,4900,さっかー,32K,8K,0,no,,,
38,スペースインベーダー,タイトー,TF-4500,1985/4/17,SHT,4500,すぺーすいんべーだー,16K,8K,0,no,1,,
39,チャンピオンシップロードランナー,ハドソン,HFC-CR,1985/4/17,PZL,4900,ちゃんぴおんしっぷろーどらんなー,16K,8K,0,no,,,
40,イーアルカンフー,コナミ,RC802,1985/4/22,ACT,4500,いーあるかんふー,16K,8K,0,no,,,
41,けっきょく南極大冒険,コナミ,RC804,1985/4/22,ACT,4500,けっきょくなんきょくだいぼうけん,16K,8K,0,no,,,
42,忍者くん 魔城の冒険,ジャレコ,JF-03,1985/5/10,ACT,4500,にんじゃくん まじょうのぼうけん,16K,8K,0,no,,,
43,ちゃっくんぽっぷ,タイトー,TF-4500,1985/5/24,PZL,4500,ちゃっくんぽっぷ,16K,8K,0,no,2,,
44,ディグダグ,ナムコ,NDD-4500,1985/6/4,ACT,4500,でぃぐだぐ,16K,8K,0,no,6,,
45,フラッピー,デービーソフト,dBF-FL,1985/6/14,PZL,5500,ふらっぴー,32K,8K,0,no,,,
46,レッキングクルー,任天堂,HVC-WR,1985/6/18,ACT,5500,れっきんぐくるー,32K,8K,0,no,,,
47,スパルタンX,任天堂,HVC-SX,1985/6/21,ACT,4900,すぱるたんX,32K,8K,0,no,,,
48,ハイパーオリンピック,コナミ,RC800,1985/6/21,SPT,4500,はいぱーおりんぴっく,16K,8K,0,no,,,対[ハイパー]
49,ハイパーオリンピック殿様版（限定発売）,コナミ,RC800,1985/6/21,SPT,4500,はいぱーおりんぴっくとのさまばん（げんていはつばい）,32K,16K,87,no,,,対[ハイパー]
50,スターフォース,ハドソン,HFC-FS,1985/6/25,SHT,4900,すたーふぉーす,16K,8K,0,no,,,
51,エレベーターアクション,タイトー,TF-4900,1985/6/28,ACT,4900,えれべーたーあくしょん,32K,8K,0,no,3,,
52,フィールドコンバット,ジャレコ,JF-04,1985/7/1,ACT,4500,ふぃーるどこんばっと,16K,8K,0,no,,,
53,ロードファイター,コナミ,RC801,1985/7/11,RAC,4500,ろーどふぁいたー,16K,8K,0,no,,,
54,ワープマン,ナムコ,NWM-4500,1985/7/12,ACT,4500,わーぷまん,16K,8K,0,no,7,,
55,ジッピーレース,アイレム,IF-01,1985/7/18,RAC,4500,じっぴーれーす,16K,8K,0,no,1,,
56,ドアドア,エニックス,EFC-DR,1985/7/18,PZL,4900,どあどあ,16K,8K,0,no,,,
57,スーパーアラビアン,サンソフト,SS1-4500,1985/7/25,ACT,4500,すーぱーあらびあん,16K,8K,0,no,SERIES1,,
58,ブロック,任天堂,HVC-BL,1985/7/26,ETC,4800,ぶろっく,32K,8K,0,no,,,要[ロ] 要[ブ]
59,フロントライン,タイトー,TFC-FL4500,1985/8/1,ACT,4500,ふろんとらいん,16K,8K,0,no,4,,
60,本将棋 内藤九段将棋秘伝,セタ,SF-01,1985/8/1,TAB,4500,ほんしょうぎ ないとうくだんしょうぎひでん,16K,8K,0,no,1,,
61,ドルアーガの塔,ナムコ,NTD-4900,1985/8/6,ACT,4900,どるあーがのとう,32K,8K,0,no,8,,
62,アストロロボ SASA,アスキー,HSP-01,1985/8/9,ACT,5500,あすとろろぼ SASA,32K,8K,0,no,,,
63,ジャイロ,任天堂,HVC-GY,1985/8/13,ETC,5800,じゃいろ,32K,8K,0,no,,,要[ロ] 要[ジ]
64,ゲイモス,アスキー,HSP-02,1985/8/28,SHT,5500,げいもす,32K,8K,0,no,,,
65,10ヤードファイト,アイレム,IF-02,1985/8/30,SPT,4900,てんやーどふぁいと,16K,8K,0,no,2,,
66,バトルシティー,ナムコ,NBC-4500,1985/9/9,ACT,4500,ばとるしてぃー,16K,8K,0,no,9,,
67,スーパーマリオブラザーズ,任天堂,HVC-SM,1985/9/13,ACT,4900,すーぱーまりおぶらざーず,32K,8K,0,no,,,
68,プーヤン,ハドソン,HFC-PO,1985/9/20,ACT,4900,ぷーやん,16K,8K,0,no,,,
69,ハイパースポーツ,コナミ,RC806,1985/9/27,SPT,4500,はいぱーすぽーつ,16K,8K,0,no,,,対[ハイパー]
70,シティコネクション,ジャレコ,JF-05,1985/9/27,RAC,4900,してぃこねくしょん,16K,16K,87,no,,,
71,ルート16ターボ,サンソフト,SS2-4900,1985/10/4,RAC,4900,るーと16たーぼ,32K,8K,0,no,SERIES2,,
72,チャレンジャー,ハドソン,HFC-CH,1985/10/15,ACT,4900,ちゃれんじゃー,32K,8K,0,no,,,
73,キン肉マン マッスルタッグマッチ,バンダイ,104017-0204763-4900,1985/11/8,ACT,4900,きんにくまん まっするたっぐまっち,16K,8K,0,no,,,
74,スカイデストロイヤー,タイトー,TFC-SD4500,1985/11/14,SHT,4500,すかいですとろいやー,16K,8K,0,no,5,,
75,おにゃんこTOWN,ポニーキャニオン,R49V5901(PNF-OT),1985/11/15,ACT,4900,おにゃんこTOWN,32K,8K,0,no,,,
76,忍者じゃじゃ丸くん,ジャレコ,JF-06,1985/11/15,ACT,4900,にんじゃじゃじゃまるくん,16K,16K,87,no,,,
77,パチコン,TOEMILAND (東芝EMI),FS-2001G(TFS-PC),1985/11/21,TAB,4900,ぱちこん,32K,8K,0,no,,,
78,パックランド,ナムコ,NPL-4500,1985/11/21,ACT,4500,ぱっくらんど,32K,8K,0,no,10,,
79,マッハライダー,任天堂,HVC-MR,1985/11/21,RAC,4900,まっはらいだー,32K,8K,0,no,,,
80,バーガータイム,ナムコ,NBT-4500,1985/11/27,ACT,4500,ばーがーたいむ,16K,8K,0,no,11,,
81,いっき,サンソフト,SS3-4900,1985/11/28,ACT,4900,いっき,16K,8K,0,no,SERIES3,,
82,ポートピア連続殺人事件,エニックス,EFC-PR,1985/11/29,ADV,5500,ぽーとぴあれんぞくさつじんじけん,32K,8K,0,no,,,
83,カラテカ,ソフトプロ,SFC-KR,1985/12/5,ACT,4900,からてか,16K,8K,0,no,,,
84,ルナーボール,ポニーキャニオン,R49V5902(PNF-LB),1985/12/5,TAB,4900,るなーぼーる,16K,8K,0,no,,,
85,スターラスター,ナムコ,NSL-4500,1985/12/6,SHT,4900,すたーらすたー,32K,8K,0,no,12,,
86,スペランカー,アイレム,IF-03,1985/12/6,ACT,4900,すぺらんかー,32K,8K,0,no,3,,
87,高機動戦闘メカヴォルガードⅡ,デービーソフト,dBF-VL,1985/12/7,ACT,4900,こうきどうせんとうめかう゛ぉるがーどⅡ,32K,8K,0,no,,,
88,超時空要塞マクロス,ナムコ,NMR-4500,1985/12/10,ACT,4500,ちょうじくうようさいまくろす,16K,8K,0,no,,,
89,1942,カプコン,CAP-19,1985/12/11,SHT,4900,いちきゅーよんにー,32K,8K,0,no,,,
90,ダウボーイ,ケムコ,KSC-DB,1985/12/11,ACT,5300,だうぼーい,32K,8K,0,no,,,
91,ボコスカウォーズ,アスキー,HSP-04,1985/12/14,RPG,5500,ぼこすかうぉーず,32K,8K,0,no,,,
92,頭脳戦艦ガル,デービーソフト,dBF-GA,1985/12/14,SHT,4900,ずのうせんかんがる,32K,8K,0,no,,,
93,オバケのQ太郎 ワンワンパニック,バンダイ,104017-0024764-4900,1985/12/16,ACT,4900,おばけのきゅうたろう わんわんぱにっく,32K,8K,0,no,,,
94,テグザー,スクウェア,SQF-TX,1985/12/19,ACT,5500,てぐざー,32K,8K,0,no,,,
95,バイナリィランド,ハドソン,HFC-BI,1985/12/19,PZL,4900,ばいなりぃらんど,16K,8K,0,no,,,
96,ボンバーマン,ハドソン,HFC-BM,1985/12/19,ACT,4900,ぼんばーまん,16K,8K,0,no,,,
97,エグゼドエグゼス,徳間書店,GTS-EE,1985/12/21,SHT,5200,えぐぜどえぐぜす,32K,8K,0,no,,,
98,ロットロット,徳間書店,GTS-LL,1985/12/21,PZL,5200,ろっとろっと,32K,8K,0,no,,,
99,ぺんぎんくんWARS,アスキー,HSP-03,1985/12/25,ACT,5500,ぺんぎんくんWARS,32K,8K,0,no,,,
100,ツインビー,コナミ,RC807,1986/1/4,SHT,4900,ついんびー,32K,16K,87,no,,,
101,ソンソン,カプコン,CAP-SS,1986/2/8,ACT,4900,そんそん,32K,8K,0,no,,,
102,グーニーズ,コナミ,RC809,1986/2/21,ACT,4900,ぐーにーず,32K,16K,87,no,,,
103,バルトロン,東映動画,TDF-BT,1986/3/1,SHT,4900,ばるとろん,32K,8K,0,no,,,
104,サーカスチャーリー,ソフトプロ,SFC-CC,1986/3/4,ACT,4900,さーかすちゃーりー,16K,8K,0,no,,,
105,忍者ハットリくん 忍者は修行でござるの巻,ハドソン,HFC-NH,1986/3/5,ACT,4900,にんじゃはっとりくん にんじゃはしゅぎょうでござるのまき,32K,8K,0,no,,,
106,ジャイロダイン,タイトー,TFC-GD4900,1986/3/13,SHT,4900,じゃいろだいん,32K,8K,0,no,6,,
107,ハイドライドスペシャル,TOEMILAND (東芝EMI),FS-2002G(TFS-HS),1986/3/18,RPG,4900,はいどらいどすぺしゃる,32K,8K,0,no,,,
108,マグマックス,日本物産,NBF-MM,1986/3/19,SHT,4900,まぐまっくす,32K,8K,0,no,1,,
109,タッグチームプロレスリング,ナムコ,NPW-4900,1986/4/2,ACT,4900,たっぐちーむぷろれすりんぐ,32K,8K,0,no,13,,
110,アーガス,ジャレコ,JF-07,1986/4/17,SHT,4900,あーがす,32K,16K,87,no,,,
111,アトランチスの謎,サンソフト,SS4-4900,1986/4/17,ACT,4900,あとらんちすのなぞ,32K,16K,184,no,SERIES4,,
112,ゲゲゲの鬼太郎 妖怪大魔境,バンダイ,104017-0006080-4900,1986/4/17,ACT,4900,げげげのきたろう ようかいだいまきょう,32K,32K,3,no,,,
113,影の伝説,タイトー,TFC-KD4900,1986/4/18,ACT,4900,かげのでんせつ,32K,16K,3/87,no,7,,
114,ディグダグⅡ,ナムコ,NDDⅡ-4500,1986/4/19,ACT,4500,でぃぐだぐⅡ,32K,8K,0,no,14,,
115,マイティボンジャック,テクモ,TCF-MB,1986/4/24,ACT,4980,まいてぃぼんじゃっく,32K,8K,185,no,1,,
116,グラディウス,コナミ,RC810,1986/4/25,ACT,4900,ぐらでぃうす,32K,32K,3,no,,,
117,けいさんゲームさんすう1年,東京書籍,TKS-S1,1986/4/25,ETC,4900,けいさんげーむさんすう1ねん,32K,8K,185,no,,,
118,けいさんゲーム算数2年,東京書籍,TKS-S2,1986/4/25,ETC,4900,けいさんげーむさんすう2ねん,32K,8K,185,no,,,
119,けいさんゲーム算数3年,東京書籍,TKS-S3,1986/4/25,ETC,4900,けいさんげーむさんすう3ねん,32K,8K,185,no,,,
120,スパイVSスパイ,ケムコ,KSC-SP,1986/4/26,ACT,4900,すぱいVSすぱい,32K,8K,185,no,,,
121,セクロス,日本物産,NBF-SE,1986/5/19,ACT,4900,せくろす,32K,8K,0,no,2,,
122,ドラゴンクエスト,エニックス,EFC-DQ,1986/5/27,RPG,5500,どらごんくえすと,32K,32K,3,no,,,
123,バードウィーク,TOEMILAND (東芝EMI),FS-2003G(TFS-BK),1986/6/3,ACT,4900,ばーどうぃーく,16K,8K,185,no,,,
124,Bウイング （ビーウイング）,データイースト,DFC-BW,1986/6/3,SHT,4900,びーうぃんぐ,32K,8K,0,no,,,
125,スターソルジャー,ハドソン,HFC-SO,1986/6/13,SHT,4900,すたーそるじゃー,32K,32K,3,no,,,
126,魔界村,カプコン,CAP-MK,1986/6/13,ACT,5500,まかいむら,128K,0K,2,no,,,
127,スーパーチャイニーズ,ナムコ,NSC-4900,1986/6/19,ACT,3900,すーぱーちゃいにーず,32K,16K,4,no,15,,
128,スクーン,アイレム,IF-04,1986/6/26,ACT,4900,すくーん,32K,8K,0,no,4,,
129,チョップリフター,ジャレコ,JF-08,1986/6/26,ACT,4900,ちょっぷりふたー,32K,16K,87,no,,,
130,東海道五十三次,サンソフト,SS5-4900,1986/7/3,ACT,4900,とうかいどうごじゅうさんつぎ,32K,16K,184,no,SERIES5,,
131,バベルの塔,ナムコ,NBL-3900,1986/7/18,PZL,3900,ばべるのとう,32K,32K,4,no,16,,
132,がんばれゴエモン！からくり道中,コナミ,RC815,1986/7/30,ACT,5300,がんばれごえもん！からくりどうちゅう,128K,128K,75,no,,,
133,ソロモンの鍵,テクモ,TCF-SK,1986/7/30,PZL,4900,そろもんのかぎ,32K,32K,3,no,2,,
134,ワルキューレの冒険 時の鍵の伝説,ナムコ,NWB-3900,1986/8/1,RPG,3900,わるきゅーれのぼうけん ときのかぎのでんせつ,32K,32K,4,no,17,,
135,六三四の剣 ただいま修行中,タイトー,TFC-MK4900,1986/8/8,SPT,4900,のけん ただいましゅぎょうちゅう,32K,32K,3,no,8,,
136,北斗の拳,東映動画,TDF-HK,1986/8/10,ACT,4900,ほくとのけん,32K,32K,3,no,,,
137,じゃじゃ丸の大冒険,ジャレコ,JF-09,1986/8/22,ACT,4900,じゃじゃまるのだいぼうけん,32K,32K,66,no,,,
138,スカイキッド,ナムコ,NSK-3900,1986/8/22,ACT,3900,すかいきっど,32K,32K,4,no,18,,
139,機動戦士Zガンダム ホットスクランブル,バンダイ,104017-0006816-5500,1986/8/28,SHT,5500,きどうせんしZがんだむ ほっとすくらんぶる,128K,32K,66,no,,,
140,ASO,SNK,SFX-AO,1986/9/3,SHT,4900,えーえすおー,32K,32K,3,no,,,
141,スーパーピットフォール,ポニーキャニオン,R55V5903(PNF-PF),1986/9/5,ACT,5500,すーぱーぴっとふぉーる,128K,0K,2,no,,,
142,バナナ,ビクター音楽産業,VFR-B1-01,1986/9/8,PZL,4900,ばなな,32K,8K,185,no,,,
143,高橋名人の冒険島,ハドソン,HFC-TB,1986/9/12,ACT,4900,たかはしめいじんのぼうけんじま,32K,32K,3,no,,,
144,キングスナイト,スクウェア,SQF-KG,1986/9/18,SHT,4900,きんぐすないと,32K,32K,3,no,,,
145,スーパーゼビウス ガンプの謎,ナムコ,-,1986/9/19,SHT,4900,すーぱーぜびうす がんぷのなぞ,128K,32K,4,no,,,
146,ゴーストバスターズ,徳間書店,GTS-GB,1986/9/22,ACT,4500,ごーすとばすたーず,32K,32K,3,no,,,
147,スペースハンター,ケムコ,KSC-HT,1986/9/26,ADV,4900,すぺーすはんたー,32K,32K,3,no,,,
148,テラクレスタ,日本物産,NBF-TC,1986/9/27,SHT,4900,てらくれすた,128K,0K,2,no,3,,
149,戦場の狼,カプコン,CAP-SJ,1986/9/27,ACT,5500,せんじょうのおおかみ,128K,0K,94,no,,,
150,バギーポッパー,データイースト,DFC-BP,1986/10/8,RAC,4900,ばぎーぽっぱー,32K,32K,3,no,,,
151,うる星やつらラムのウェディングベル,ジャレコ,JF-10,1986/10/23,ACT,4900,うるせいやつららむのうぇでぃんぐべる,32K,32K,101,no,,,
152,けいさんゲーム算数4年,東京書籍,TKS-S4,1986/10/30,ETC,4900,けいさんげーむさんすう4ねん,32K,32K,3,no,,,
153,けいさんゲーム算数5・6年 少数・分数のまとめ,東京書籍,TKS-S5,1986/10/30,ETC,4900,けいさんげーむさんすう5・6ねん しょうすう・ぶんすうのまとめ,32K,32K,3,no,,,
154,ミシシッピー殺人事件,ジャレコ,JF-11,1986/10/31,ADV,5200,みししっぴーさつじんじけん,128K,32K,66,no,,,
155,スーパースターフォース 時空歴の秘密,テクモ,TCF-ST,1986/11/11,SHT,5300,すーぱーすたーふぉーす じくうれきのひみつ,128K,0K,2,no,,,
156,ファミリートレーナーシリーズ1 アスレチックワールド,バンダイ,?,1986/11/12,SPT,8500,ふぁみりーとれーなーしりーず1 あすれちっくわーるど,32K,32K,3,no,,,対[トレーナー]
157,Othello(オセロ),河田,KWD-OH,1986/11/13,TAB,4900,おせろ,32K,32K,3,no,,,
158,迷宮組曲 ミロンの大冒険,ハドソン,HFC-KM,1986/11/13,ACT,4900,めいきゅうくみきょく みろんのだいぼうけん,32K,32K,3,no,,,
159,アイギーナの予言 バルバルークの伝説より,ビック東海,VIC-AY,1986/11/21,ACT,5300,あいぎーなのよげん ばるばるーくのでんせつより,128K,0K,2,no,,,
160,元祖西遊記スーパーモンキー大冒険,バップ,VAP-GS(9501),1986/11/21,RPG,4900,がんそさいゆうきすーぱーもんきーだいぼうけん,32K,32K,3,no,,,
161,長靴をはいた猫 世界一周80日大冒険,東映動画,TDF-NN,1986/11/21,ACT,4900,ながぐつをはいたねこ せかいいっしゅう80にちだいぼうけん,32K,32K,3,no,,,
162,マッピーランド,ナムコ,-,1986/11/26,ACT,3900,まっぴーらんど,128K,32K,4,no,,,
163,怒 IKARI,ケイアミューズメントリース,KAC-IK,1986/11/26,ACT,5500,いかり IKARI,128K,0K,2,no,,,
164,ドラゴンボール 神龍の謎,バンダイ,104017-0006981-5300,1986/11/27,ACT,5300,どらごんぼーる しぇんろんのなぞ,128K,32K,66,no,,,
165,キャッスルエクセレント,アスキー,HSP-05,1986/11/28,PZL,4900,きゃっするえくせれんと,32K,32K,3,no,,,
166,ファミリートレーナーシリーズ2 ランニングスタジアム,バンダイ,?,1986/12/1,SPT,4900,ふぁみりーとれーなーしりーず2 らんにんぐすたじあむ,32K,32K,3,no,,,対[トレーナー]
167,タイガーヘリ,ポニーキャニオン,R49V5905(PNF-TH),1986/12/5,SHT,4900,たいがーへり,32K,32K,3,no,,,
168,ディーヴァ ストーリー6 ナーサティアの玉座,TOEMILAND (東芝EMI),FS-2004G(TFS-DV),1986/12/5,SLG,5500,でぃーう゛ぁ すとーりー6 なーさてぃあのぎょくざ,128K,0K,2,no,,,
169,戦え 超ロボット生命体トランスフォーマー コンボイの謎,タカラ,TFC-TF,1986/12/5,ACT,4900,たたかえ ちょうろぼっとせいめいたいとらんすふぉーまー こんぼいのなぞ,32K,32K,3,no,,,
170,ホッターマンの地底探険,ユース,USE-HC,1986/12/6,ACT,4900,ほったーまんのちていたんけん,32K,32K,3,no,,,
171,たけしの挑戦状,タイトー,TFC-TC5300,1986/12/10,ADV,5300,たけしのちょうせんじょう,128K,0K,2,no,9,,
172,プロ野球 ファミリースタジアム,ナムコ,-,1986/12/10,SPT,3900,ぷろやきゅう ふぁみりーすたじあむ,64K,32K,4,no,,,
173,シャーロックホームズ 伯爵令嬢誘拐事件,トーワチキ,TCC-SH,1986/12/11,ADV,5000,しゃーろっくほーむず はくしゃくれいじょうゆうかいじけん,128K,0K,2,no,,,
174,ドラえもん,ハドソン,HFC-DO,1986/12/12,ACT,5500,どらえもん,128K,32K,66,no,,,
175,魔鐘,アイレム,IF-05,1986/12/15,RPG,5300,まかね,128K,0K,34,no,5,,
176,メトロクロス,ナムコ,-,1986/12/16,ACT,3900,めとろくろす,32K,32K,4,no,,,
177,キングコング2 怒りのメガトンパンチ,コナミ,RC816,1986/12/18,ACT,5300,きんぐこんぐ2 いかりのめがとんぱんち,128K,128K,75,no,,,
178,マドゥーラの翼,サンソフト,?,1986/12/18,ACT,4900,まどぅーらのつばさ,32K,32K,184,no,,,
179,聖飢魔Ⅱ 悪魔の逆襲！,CBSソニー,CBS-SA(49FR-1),1986/12/18,ACT,4900,せいきまつ あくまのぎゃくしゅう！,32K,32K,3,no,,,
180,レイラ,デービーソフト,dBF-LY,1986/12/20,ACT,5300,れいら,128K,0K,2,no,,,
181,コスモジェネシス,アスキー,HSP-06,1986/12/23,SLG,4900,こすもじぇねしす,32K,32K,3,no,,,
182,闘いの挽歌,カプコン,CAP-TA,1986/12/24,ACT,5500,たたかいのばんか,128K,0K,2,no,,,
183,アルカノイド,タイトー,TFC-AK5400,1986/12/26,ETC,5400,あるかのいど,32K,16K,3,no,10,,対[パドル]
184,クレイジークライマー,日本物産,NBF-CY,1986/12/26,ACT,5300,くれいじーくらいまー,128K,0K,180,no,4,,対[クライマ]
185,時空の旅人,ケムコ,KSC-TS,1986/12/26,ADV,4900,じくうのたびびと,128K,0K,2,no,,,
186,火の鳥 鳳凰編我王の冒険,コナミ,RC817,1987/1/4,ACT,5300,ひのとり ほうおうへんがおうのぼうけん,128K,0K,2,no,,,
187,ドラゴンバスター,ナムコ,-,1987/1/7,ACT,4900,どらごんばすたー,128K,32K,95,no,,,
188,ラビリンス 魔王の迷宮,徳間書店,GTS-LA,1987/1/7,ACT,4900,らびりんす まおうのめいきゅう,128K,0K,2,no,,,
189,ドラゴンクエストⅡ 悪霊の神々,エニックス,EFC-D2,1987/1/26,RPG,5500,どらごんくえすとⅡ あくりょうのかみがみ,128K,0K,2,no,,,
190,ファミリートレーナーシリーズ3 エアロビスタジオ,バンダイ,?,1987/2/1,SPT,5800,ふぁみりーとれーなーしりーず3 えあろびすたじお,32K,32K,3,no,,,対[トレーナー]
191,ブラックバス,ホットビィ,GAM-BO-01,1987/2/6,ETC,5300,ぶらっくばす,128K,0K,2,no,,,
192,新人類,リコーエレメックス,RES-SG,1987/2/10,ACT,4900,しんじんるい,32K,32K,3,no,,,
193,飛龍の拳 奥義の書,カルチャーブレーン,NFC-HR,1987/2/14,ACT,5500,ひりゅうのこぶし おうぎのしょ,128K,0K,2,no,,,
194,ポケットザウルス 十王剣の謎,バンダイ,?,1987/2/27,ACT,5500,ぽけっとざうるす じゅうおうつるぎのなぞ,128K,128K,70,no,,,
195,ファミリーシンセ いきなりミュージシャン,トンキンハウス,TKS-G1,1987/3/5,ETC,4900,ふぁみりーしんせ いきなりみゅーじしゃん,32K,16K,3,no,,,
196,ミッキーマウス 不思議の国の大冒険,ハドソン,HFC-MI,1987/3/6,ACT,4900,みっきーまうす ふしぎのくにのだいぼうけん,32K,32K,3,no,,,
197,Law of the West 西部の掟,ポニーキャニオン,R53V5907(PNF-LW),1987/3/6,ADV,5500,ろうおぶうえすと,128K,0K,2,no,,,
198,タッチ ミステリーオブトライアングル,東宝,THF-TU,1987/3/14,ADV,4900,たっち みすてりーおぶとらいあんぐる,128K,0K,2,no,,,
199,花のスター街道,ビクター音楽産業,VFR-H1-02,1987/3/17,ACT,5300,はなのすたーかいどう,128K,0K,2,no,,,
200,グーニーズ2 フラッテリー最後の挑戦,コナミ,RC818,1987/3/18,ADV,4900,ぐーにーず2 ふらってりーさいごのちょうせん,128K,0K,2,no,,,
201,失われたメッセージ ロストワードオブジェニー,タカラ,TFC-JN,1987/3/25,ACT,5500,うしなわれためっせーじ ろすとわーどおぶじぇにー,128K,0K,2,no,,,
202,南国指令！！スパイVSスパイ,ケムコ,KSC-SP,1987/3/27,ACT,4900,なんごくしれい！！すぱいVSすぱい,128K,0K,2,no,,,
203,さんまの名探偵,ナムコ,-,1987/4/2,ADV,4900,さんまのめいたんてい,128K,64K,4,no,,,
204,森田将棋,セタ,KKS-MC,1987/4/14,TAB,5500,もりたしょうぎ,128K,8K,1,yes,2,,
205,魔界島 七つの島の大冒険,カプコン,CAP-MZ,1987/4/14,ACT,4980,まかいじま ななつのしまのだいぼうけん,128K,0K,2,no,,,
206,熱血硬派くにおくん,テクノスジャパン,TJC-KN,1987/4/15,ACT,5300,ねっけつこうはくにおくん,128K,0K,2,no,,,
207,アルゴスの戦士 はちゃめちゃ大進撃,テクモ,TCF-AH,1987/4/17,ACT,4980,あるごすのせんし はちゃめちゃだいしんげき,128K,0K,2,no,4,,
208,北斗の拳2 世紀末救世主伝説,東映動画,TDF-HO,1987/4/17,ACT,5300,ほくとのけん2 せいきまつきゅうせいしゅでんせつ,128K,0K,2,no,,,
209,ファミリージョッキー,ナムコ,-,1987/4/24,SPT,3900,ふぁみりーじょっきー,32K,32K,4,no,,,
210,ファミリートレーナーシリーズ4 ジョギングレース,バンダイ,?,1987/5/1,SPT,4900,ふぁみりーとれーなーしりーず4 じょぎんぐれーす,32K,128K,3,no,,,対[トレーナー]
211,妖怪倶楽部,ジャレコ,JF-12,1987/5/19,ACT,4900,ようかいくらぶ,128K,32K,66,no,,,
212,ダイナマイトボウル,TOEMILAND (東芝EMI),FS-2005G(TFS-DL),1987/5/24,SPT,4900,だいなまいとぼうる,32K,32K,3,no,,,
213,北海道連鎖殺人 オホーツクに消ゆ,アスキー,HSP-07,1987/6/1,ADV,5800,ほっかいどうれんささつじん おほーつくにしょうゆ,256K,0K,1,no,,,
214,アテナ,SNK,SFX-AT,1987/6/5,ACT,5500,あてな,128K,0K,2,no,,,
215,高橋名人のBUGってハニー,ハドソン,HFC-BH,1987/6/5,ACT,5500,たかはしめいじんのばぐってはにー,128K,32K,66,no,,,
216,闘人魔境伝 ヘラクレスの栄光,データイースト,DFC-HE,1987/6/12,RPG,5300,とうひとまきょうでん へらくれすのえいこう,128K,0K,2,no,,,
217,ファミリーボクシング,ナムコ,-,1987/6/19,SPT,4900,ふぁみりーぼくしんぐ,64K,64K,4,no,,,
218,うっでいぽこ,デービーソフト,dBF-UP,1987/6/20,ACT,5500,うっでいぽこ,128K,0K,2,no,,,
219,燃えろ！！プロ野球,ジャレコ,JF-13,1987/6/26,SPT,5500,もえろ！！ぷろやきゅう,128K,64K,86,no,,,
220,燃えろ！！プロ野球（黒）,ジャレコ,JF-13,1987/6/26,SPT,5500,もえろ！！ぷろやきゅう（くろ）,128K,64K,86,no,,,
221,所さんのまもるもせめるも,エピックソニー,ESF-TO(49-6R-1),1987/6/27,ACT,4900,ところさんのまもるもせめるも,32K,32K,3,no,,,
222,未来神話ジャーヴァス,タイトー,TFC-MJ5500,1987/6/30,RPG,5500,みらいしんわじゃーう゛ぁす,128K,128K,80,yes,11,,
223,ゾンビハンター,ハイスコアメディアワーク,HSS-ZO,1987/7/3,RPG,4900,ぞんびはんたー,128K,32K,1,no,,,
224,月風魔伝,コナミ,RC819,1987/7/7,ACT,4900,げつふうまでん,128K,128K,23,no,,,
225,ブービーキッズ,日本物産,NBF-BB,1987/7/10,ACT,4900,ぶーびーきっず,128K,0K,2,no,5,,
226,ヘクター’87,ハドソン,HFC-HH,1987/7/16,SHT,5000,へくたー’87,128K,0K,2,no,,,
227,ドラゴンスレイヤーⅣ,ナムコ,-,1987/7/17,RPG,4900,どらごんすれいやーⅣ,128K,64K,4,no,,,
228,ジャンボウ,ケイアミューズメントリース,KAC-JB,1987/7/18,ETC,4980,じゃんぼう,128K,0K,2,no,,,対[パドル]
229,ファンタジーゾーン,サンソフト,SS8-5300,1987/7/20,SHT,5300,ふぁんたじーぞーん,128K,0K,93,no,,,
230,バツ＆テリー 魔境の鉄人レース,ユース,USE-BC,1987/7/22,ACT,5300,ばつ＆てりー まきょうのてつじんれーす,128K,0K,2,no,,,
231,カラオケスタジオ基本セット,バンダイ,?,1987/7/30,ETC,7500,からおけすたじおきほんせっと,128K,0K,188,no,,,要[カラ]
232,チェスターフィールド 暗黒神への挑戦,ビック東海,VIC-CF,1987/7/30,RPG,5300,ちぇすたーふぃーるど あんこくしんへのちょうせん,128K,0K,2,no,,,
233,ファミリートレーナーシリーズ5 迷路大作戦,バンダイ,?,1987/7/31,SPT,4900,ふぁみりーとれーなーしりーず5 めいろだいさくせん,128K,128K,70,no,,,対[トレーナー]
234,ハイウェイスター,スクウェア,SQF-HI,1987/8/7,RAC,4500,はいうぇいすたー,128K,0K,1,no,,,
235,ボンバーキング,ハドソン,HFC-BX,1987/8/7,ACT,5500,ぼんばーきんぐ,128K,0K,2,no,1,,
236,ミラクルロピット 2100年の冒険,キングレコード,KIN-GM(KIN-1),1987/8/7,ACT,4900,みらくるろぴっと 2100ねんのぼうけん,128K,0K,2,no,,,
237,エルナークの財宝,トーワチキ,TCC-EL,1987/8/10,ACT,5300,えるなーくのざいほう,128K,0K,2,no,,,
238,聖闘士星矢 黄金伝説,バンダイ,?,1987/8/10,RPG,5500,せいんとせいや おうごんでんせつ,128K,128K,70,no,,,
239,ファミリーマージャン,ナムコ,-,1987/8/11,TAB,3900,ふぁみりーまーじゃん,128K,64K,4,no,,,
240,囲碁 九路盤対局,BPS,BPS-IG,1987/8/11,TAB,5500,いご ろばんたいきょく,32K,16K,1,no,,,
241,天下のご意見番 水戸黄門,サンソフト,?,1987/8/11,ADV,5300,てんかのごいけんばん みとこうもん,128K,128K,89,no,,,
242,魔城伝説Ⅱ 大魔司教ガリウス,コナミ,KDS-GI,1987/8/11,ACT,4900,まじょうでんせつⅡ だいましきょうがりうす,128K,0K,2,no,,,
243,エアーフォートレス,HAL研究所,HAL-AI,1987/8/17,ACT,5300,えあーふぉーとれす,128K,128K,1,no,,,
244,夢幻戦士ヴァリス the fantasic soldier,徳間書店,GTS-VA,1987/8/21,ACT,5500,むげんせんしう゛ぁりす the fantasic soldier,128K,0K,2,no,,,
245,光の戦士フォトン 惑星ゾルディアスの戦い,タカラ,TFC-PH,1987/8/28,ADV,5500,ひかりのせんしふぉとん わくせいぞるでぃあすのたたかい,128K,0K,2,no,,,
246,ファミリートレーナーシリーズ6 マンハッタンポリス,バンダイ,?,1987/8/31,SPT,4900,ふぁみりーとれーなーしりーず6 まんはったんぽりす,128K,128K,70,no,,,対[トレーナー]
247,シェラザード アラビアンドリーム,カルチャーブレーン,CBF-AS,1987/9/3,RPG,5500,しぇらざーど あらびあんどりーむ,128K,128K,1,no,,,
248,ゾイド 中央大陸の戦い,TOEMILAND (東芝EMI),FS-2006G(TFS-ZD),1987/9/5,RPG,5300,ぞいど ちゅうおうたいりくのたたかい,128K,0K,2,no,,,
249,SWAT,東映動画,TDF-SW,1987/9/11,ADV,5300,すわっと,128K,0K,2,no,,,
250,デジタルデビル物語 女神転生,ナムコ,-,1987/9/11,RPG,4900,でじたるでびるものがたり めがみてんせい,128K,128K,76,no,,,
251,スペランカーⅡ 勇者への挑戦,アイレム,IF-06,1987/9/18,ACT,5300,すぺらんかーⅡ ゆうしゃへのちょうせん,128K,0K,2,no,6,,
252,つっぱり大相撲,テクモ,TCF-TM,1987/9/18,ACT,4900,つっぱりおおずもう,32K,32K,3,no,5,,
253,バイオ戦士DAN インクリーザーとの闘い,ジャレコ,JF-14,1987/9/22,ACT,4900,ばいおせんしDAN いんくりーざーとのたたかい,128K,128K,66,no,,,
254,スターゲイト,HAL研究所,HAL-SB,1987/9/24,SHT,3900,すたーげいと,16K,8K,0,no,,,
255,井出洋介名人の実践麻雀,カプコン,CAP-IM,1987/9/24,TAB,6500,いでようすけめいじんのじっせんまーじゃん,128K,0K,2,no,,,対[麻雀]
256,キョンシーズ2,タイトー,TFC-KR5500,1987/9/25,RPG,5500,きょんしーず2,128K,128K,80,no,12,,
257,沙羅曼蛇,コナミ,RC821,1987/9/25,ACT,4900,さらまんだ,128K,0K,73,no,,,
258,ミリピート 巨大昆虫の逆襲,HAL研究所,HAL-ML,1987/10/1,SHT,3900,みりぴーと きょだいこんちゅうのぎゃくしゅう,16K,8K,0,no,,,
259,ロマンシア,トンキンハウス,TKS-G2,1987/10/1,RPG,5300,ろまんしあ,128K,0K,1,no,,,
260,快傑ヤンチャ丸,アイレム,IF-07,1987/10/2,ACT,5500,かいけつやんちゃまる,256K,0K,97,no,7,,
261,ウルティマ ～恐怖のエクソダス～,ポニーキャニオン,R59V5910(PNF-UL),1987/10/9,RPG,5900,うるてぃま ～きょうふのえくそだす～,256K,0K,1,yes,,,
262,エスパ冒険隊 魔王の砦,ジャレコ,JF-15,1987/10/13,ACT,5300,えすぱぼうけんたい まおうのとりで,256K,0K,2,no,,,
263,インドラの光,ケムコ,KSC-IN,1987/10/20,RPG,5300,いんどらのひかり,128K,0K,1,yes,,,
264,ミネルバトンサーガ ラゴンの復活,タイトー,TFC-MS5500,1987/10/23,RPG,5500,みねるばとんさーが らごんのふっかつ,128K,128K,80,yes,13,,
265,覇邪の封印,アスキー,HSP-08,1987/10/23,RPG,5800,はよこしまのふういん,128K,128K,1,no,,,
266,桃太郎伝説,ハドソン,HFC-MO,1987/10/26,RPG,5800,ももたろうでんせつ,256K,0K,1,no,3,,
267,星をみるひと,ホットビィ,GAM-HM-02,1987/10/27,RPG,5300,ほしをみるひと,128K,0K,2,no,,,
268,カラオケスタジオ専用カセット トップヒット20Vol．1,バンダイ,?,1987/10/28,ETC,3980,からおけすたじおせんようかせっと とっぷひっと20Vol．1,256K,0K,188,no,,,要[カラ]
269,サイドポケット,ナムコ,-,1987/10/30,SPT,3900,さいどぽけっと,128K,32K,4,no,,,
270,ジャウスト,HAL研究所,HAL-JU,1987/10/30,ACT,3900,じゃうすと,16K,8K,0,no,,,
271,上海,サンソフト,-,1987/10/30,PZL,5300,しゃんはい,128K,0K,2,no,,,
272,マイクタイソンパンチアウト,任天堂,HVC-PT,1987/11/1,SPT,5500,まいくたいそんぱんちあうと,128K,128K,9,no,,,
273,ルパン三世 パンドラの遺産,ナムコ,-,1987/11/6,ACT,3900,るぱんさんせい ぱんどらのいさん,128K,64K,4,no,,,
274,宇宙船コスモキャリア,ジャレコ,JF-16,1987/11/6,SLG,4900,うちゅうせんこすもきゃりあ,128K,128K,78,no,,,
275,アルテリオス,日本物産,NBF-AU,1987/11/13,RPG,5500,あるてりおす,128K,32K,1,yes,6,,
276,ファザナドゥ,ハドソン,HFC-FX,1987/11/16,RPG,5900,ふぁざなどぅ,256K,0K,1,no,2,,
277,ファミリートレーナーシリーズ7 ファミトレ大運動会,バンダイ,?,1987/11/27,SPT,4900,ふぁみりーとれーなーしりーず7 ふぁみとれだいうんどうかい,32K,32K,3,no,,,対[トレーナー]
278,時空勇伝 デビアス,ナムコ,-,1987/11/27,RPG,4900,じくうゆうでん でびあす,128K,64K,4,no,,,
279,アウトランダーズ,ビクター音楽産業,VFR-A1-03,1987/12/4,RPG,5300,あうとらんだーず,128K,0K,2,no,,,
280,スターウォーズ(ナムコ製),ナムコ,-,1987/12/4,ACT,4900,すたーうぉーず(なむこせい),128K,128K,19,no,,,
281,ドラゴンスクロール 蘇りし魔竜,コナミ,RC823,1987/12/4,RPG,5300,どらごんすくろーる よみがえりしまりゅう,128K,128K,23,no,,,
282,ランボー,パックインビデオ,PAC-RV,1987/12/4,ACT,5300,らんぼー,128K,0K,2,no,,,
283,JJ （ジェイジェイ）,スクウェア,SQF-JJ,1987/12/7,SHT,4500,じぇいじぇい,128K,0K,2,no,,,3Dシステム
284,ゴルフ倶楽部 バーディラッシュ,データイースト,DFC-GH,1987/12/9,SPT,5500,ごるふくらぶ ばーでぃらっしゅ,128K,128K,1,no,,,
285,トップガン,コナミ,KDS-TG,1987/12/11,SHT,5300,とっぷがん,128K,0K,2,no,,,
286,ファミリーテニス,ナムコ,-,1987/12/11,SPT,3900,ふぁみりーてにす,64K,64K,4,no,,,
287,京都 龍の寺殺人事件 山村美紗サスペンスシリーズ,タイトー,TFC-KR5500,1987/12/11,ADV,5500,きょうと りゅうのてらさつじんじけん やまむらみささすぺんすしりーず,128K,128K,80,no,14,,
288,鉄道王,デービーソフト,dBF-RW,1987/12/12,ETC,4900,てつどうおう,32K,32K,3,no,,,
289,銀河の三人,任天堂,HVC-GT,1987/12/15,RPG,5000,ぎんがのさんにん,128K,0K,2,no,,,
290,エキサイティングボクシング,コナミ,RC250,1987/12/16,ACT,7980,えきさいてぃんぐぼくしんぐ,128K,128K,75,no,,,要[エア]
291,ロックマン,カプコン,CAP-RX,1987/12/17,ACT,5300,ろっくまん,128K,0K,2,no,,B,
292,カルノフ,ナムコ,-,1987/12/18,ACT,4900,かるのふ,128K,64K,4,no,,,
293,スティックハンター,ケイアミューズメントリース,KAC-IH,1987/12/18,SPT,5500,すてぃっくはんたー,128K,0K,2,no,,,
294,タイトーグランプリ 栄光へのライセンス,タイトー,TFC-TG5500,1987/12/18,RAC,5500,たいとーぐらんぷり えいこうへのらいせんす,128K,128K,80,yes,15,,
295,ファイナルファンタジー,スクウェア,SQF-FF,1987/12/18,RPG,5900,ふぁいなるふぁんたじー,256K,0K,1,yes,,,
296,目指せパチプロ パチ夫くん,ココナッツジャパン,CDS-PA,1987/12/18,TAB,5500,めざせぱちぷろ ぱちおっとくん,128K,0K,1,no,,,
297,ウィザードリィ,アスキー,HSP-09,1987/12/22,RPG,5800,うぃざーどりぃ,128K,128K,1,yes,,,
298,ゲゲゲの鬼太郎2 妖怪軍団の挑戦,バンダイ,?,1987/12/22,RPG,5500,げげげのきたろう2 ようかいぐんだんのちょうせん,128K,128K,70,no,,,
299,プロ野球ファミリースタジアム87年度版,ナムコ,-,1987/12/22,SPT,3900,ぷろやきゅうふぁみりーすたじあむ87ねんどばん,64K,32K,4,no,,,
300,メタルギア,コナミ,KDS-ME,1987/12/22,ACT,5300,めたるぎあ,128K,0K,2,no,,,
301,マグナム危機一髪 エンパイアシティー 1931,TOEMILAND (東芝EMI),FS-2007G(TFS-MG),1987/12/25,SHT,5300,まぐなむききいっぱつ えんぱいあしてぃー 1931,128K,0K,2,no,,,
302,アタックアニマル学園,ポニーキャニオン,R55V5913(PNF-AA),1987/12/26,SHT,5500,あたっくあにまるがくえん,128K,0K,2,no,,,
303,スーパーマン,ケムコ,KSC-SN,1987/12/26,ACT,5500,すーぱーまん,128K,128K,1,no,,,
304,ファミリートレーナーシリーズ8 突撃！風雲たけし城,バンダイ,?,1987/12/28,SPT,4900,ふぁみりーとれーなーしりーず8 とつげき！ふううんたけしじょう,32K,32K,3,no,,,対[トレーナー]
305,ファミリーサーキット,ナムコ,-,1988/1/6,RAC,3900,ふぁみりーさーきっと,128K,32K,4,no,,,
306,ソフトハウス連続殺人事件 殺意の階層,HAL研究所,HAL-PO,1988/1/7,ADV,5900,そふとはうすれんぞくさつじんじけん さついのかいそう,256K,0K,1,no,,,
307,コナミワイワイワールド,コナミ,RC825,1988/1/14,ACT,5500,こなみわいわいわーるど,128K,128K,23,no,,,
308,スケバン刑事Ⅲ,東映動画,TDF-KJ,1988/1/22,ACT,5300,すけばんけいじⅢ,128K,0K,2,no,,,
309,リップルアイランド,サンソフト,TEC-RI,1988/1/23,ADV,4900,りっぷるあいらんど,128K,0K,1,no,,,
310,ドナルドランド,データイースト,DFC-DX,1988/1/29,ACT,5500,どなるどらんど,128K,128K,1,no,,,
311,ジャンボ尾崎のホールインワン プロフェッシュナル,HAL研究所,HAL-JO,1988/2/1,SPT,5600,じゃんぼおざきのほーるいんわん ぷろふぇっしゅなる,128K,32K,1,no,,,
312,パリダカールラリースペシャル,CBSソニー,CBS-PD(53FR-2),1988/2/1,RAC,5300,ぱりだかーるらりーすぺしゃる,128K,32K,66,no,,,
313,仮面ライダー倶楽部,バンダイ,?,1988/2/3,ACT,5500,かめんらいだーくらぶ,128K,128K,70,no,,,
314,ガーディック外伝,アイレム,IF-08,1988/2/5,SHT,5500,がーでぃっくがいでん,128K,0K,2,no,8,,
315,魂斗羅（コントラ）,コナミ,RC826,1988/2/9,ACT,5300,こんとら（こんとら）,128K,128K,23,no,,,
316,ドラゴンクエストⅢ そして伝説へ…,エニックス,EFC-D3,1988/2/10,RPG,5900,どらごんくえすとⅢ そしてでんせつへ…,256K,0K,1,yes,,,
317,カラオケスタジオ専用カセット トップヒット20Vol．2,バンダイ,?,1988/2/18,ETC,3980,からおけすたじおせんようかせっと とっぷひっと20Vol．2,256K,0K,188,no,,,要[カラ]
318,松本亨の株式必勝学,イマジニア,IMA-KB,1988/2/18,SLG,9800,まつもととおるのかぶしきひっしょうがく,256K,0K,1,yes,,,
319,探偵 神宮寺三郎 横浜港連続殺人事件,データイースト,DFC-YK,1988/2/26,ADV,5500,たんてい じんぐうじさぶろう よこはまこうれんぞくさつじんじけん,128K,128K,1,no,,,
320,鉄腕アトム,コナミ,RC827,1988/2/26,ACT,5500,てつわんあとむ,128K,128K,75,no,,,
321,ボールブレイザー (ルーカスフィルムゲーム),ポニーキャニオン,R55V5911(PNF-BZ),1988/3/4,ACT,5500,ぼーるぶれいざー (るーかすふぃるむげーむ),128K,0K,2,no,,,
322,アルカノイドⅡ,タイトー,TFC-ANⅡ5900,1988/3/8,ETC,5900,あるかのいどⅡ,64K,128K,70,no,16,,対[パドル]
323,シュワルツネッガーのプレデター,パックインビデオ,PAC-PL,1988/3/10,ACT,5500,しゅわるつねっがーのぷれでたー,128K,128K,1,no,,,
324,釣りキチ三平 ブルーマーリン編,ビクター音楽産業,VFR-Y1-04,1988/3/17,ETC,5500,つりきちさんぺい ぶるーまーりんへん,128K,0K,2,no,,,
325,ローリングサンダー,ナムコ,-,1988/3/17,ACT,5500,ろーりんぐさんだー,128K,256K,19,no,,,
326,ナポレオン戦記,アイレム,IF-09,1988/3/18,SLG,5500,なぽれおんせんき,128K,32K,77,no,9,,
327,信長の野望 全国版,光栄,KOE-NZ,1988/3/18,SLG,9800,のぶながのやぼう ぜんこくばん,256K,0K,1,yes,,,
328,谷川浩司の将棋指南Ⅱ 名人への道,ポニーキャニオン,R55V5914(PNF-T2),1988/3/18,TAB,5500,たにがわこうじのしょうぎしなんⅡ めいじんへのみち,128K,0K,1,yes,,,
329,ファイティングゴルフ,SNK,SFX-FI,1988/3/24,SPT,5500,ふぁいてぃんぐごるふ,128K,128K,1,no,,,
330,ゴルゴ13 第一章 神々の黄昏,ビック東海,VIC-G3,1988/3/26,ACT,5700,ごるご13 だいいっしょう かみがみのたそがれ,128K,128K,1,no,,,
331,愛の伝説 オリュンポスの戦い,イマジニア,IMA-AD,1988/3/28,RPG,5300,あいのでんせつ おりゅんぽすのたたかい,128K,0K,1,no,,,
332,武田信玄,ホットビィ,GAM-HB-03,1988/3/28,SLG,5800,たけだしんげん,128K,0K,2,no,,,
333,フリートコマンダー,アスキー,HSP-10,1988/3/29,SLG,5500,ふりーとこまんだー,32K,32K,3,no,,,
334,不動明王伝,タイトー,TFC-FM-5900,1988/3/29,ACT,5900,ふどうみょうおうでん,256K,128K,80,no,17,,
335,ビーバップハイスクール 高校生極楽伝説,データイースト,DFC-EP,1988/3/30,ADV,5800,びーばっぷはいすくーる こうこうせいごくらくでんせつ,128K,128K,1,yes,,,
336,独眼竜政宗,ナムコ,-,1988/4/5,SLG,5500,どくがんりゅうまさむね,128K,128K,19,yes,,,
337,ジーキル博士の彷魔が刻,東宝,THF-TK,1988/4/8,ACT,5300,じーきるはかせのほうまがきざみ,128K,0K,2,no,,,
338,双截龍（ダブルドラゴン）,テクノスジャパン,TJC-WO,1988/4/8,ACT,5800,ふたきりゅう（だぶるどらごん）,128K,128K,1,no,,,
339,燃えろ！！プロテニス,ジャレコ,JF-17,1988/4/15,SPT,5500,もえろ！！ぷろてにす,128K,128K,72,no,,,
340,怒Ⅱ DOGOSOKEN,ケイアミューズメントリース,KAS-DS,1988/4/16,ACT,5500,いかりⅡ DOGOSOKEN,256K,0K,1,no,,,
341,エリュシオン,トンキンハウス,TKS-G4,1988/4/28,RPG,5500,えりゅしおん,128K,128K,1,no,,,
342,キャプテン翼,テクモ,TCF-TP,1988/4/28,SPT,5500,きゃぷてんつばさ,128K,128K,1,no,6,,
343,砂漠の狐 戦車戦略,ケムコ,KSC-DF,1988/4/28,SLG,5500,さばくのきつね せんしゃせんりゃく,128K,128K,1,no,,,
344,名探偵ホームズ 霧のロンドン殺人事件,トーワチキ,TCC-KL,1988/5/1,ADV,6000,めいたんていほーむず きりのろんどんさつじんじけん,256K,0K,1,no,,,
345,ディープダンジョンⅢ 勇士への旅,スクウェア,SQF-UT,1988/5/13,RPG,5900,でぃーぷだんじょんⅢ ゆうしへのたび,256K,0K,1,yes,,,
346,仮面の忍者 赤影,東映動画,TDF-AK,1988/5/20,ACT,5300,かめんのにんじゃ あかかげ,128K,0K,2,no,,,
347,将軍 （SHOGUN）,ヘクト,HCT-HD/001,1988/5/27,SLG,5800,しょうぐん （SHOGUN）,128K,0K,1,yes,,,
348,サラダの国のトマト姫,ハドソン,HFC-RT,1988/5/27,ADV,5900,さらだのくにのとまとひめ,128K,128K,1,no,,,
349,ナムコクラシック,ナムコ,-,1988/5/27,SPT,5900,なむこくらしっく,256K,256K,19,no,,,
350,忍者くん 阿修羅の章,ユーピーエル,UPL-NJ,1988/5/27,ACT,5300,にんじゃくん あしゅらのしょう,128K,0K,2,no,,,
351,聖闘士星矢 黄金伝説完結編,バンダイ,SHI-OK,1988/5/30,RPG,5800,せいんとせいや おうごんでんせつかんけつへん,128K,128K,1,no,,,
352,コスモポリス ギャリバン,日本物産,NBF-GV,1988/6/3,ACT,5900,こすもぽりす ぎゃりばん,128K,128K,1,yes,7,,
353,超惑星戦記 メタファイト,サンソフト,TEC-MF,1988/6/17,SHT,5300,ちょうわくせいせんき めたふぁいと,128K,128K,1,no,,,
354,1943,カプコン,CAP-43,1988/6/20,SHT,5300,いちきゅーよんさん,128K,0K,2,no,,,データック
355,真田十勇士,ケムコ,KSC-JY,1988/6/24,RPG,5600,さなだゆうし,128K,128K,1,yes,,,
356,妖怪道中記,ナムコ,-,1988/6/24,ACT,4900,ようかいどうちゅうき,128K,128K,19,no,,,
357,究極ハリキリスタジアム,タイトー,TFC-KHS-5500,1988/6/28,SPT,5500,きゅうきょくはりきりすたじあむ,128K,128K,80,no,18,,
358,スーパーブラックオニキス,BPS,BPS-OX,1988/7/14,RPG,5900,すーぱーぶらっくおにきす,256K,0K,1,yes,,,
359,じゃりん子チエ ばくだん娘のし幸せさがし,コナミ,RC828,1988/7/15,ADV,5800,じゃりんごちえ ばくだんむすめのししあわせさがし,128K,256K,23,no,,,
360,ベストプレープロ野球,アスキー,HSP-11,1988/7/15,SLG,5800,べすとぷれーぷろやきゅう,128K,32K,1,no,,,
361,伝説の騎士エルロンド,ジャレコ,NMK-ER,1988/7/15,ACT,5500,でんせつのきしえるろんど,128K,0K,7,no,,,
362,ヒットラーの復活 トップシークレット,カプコン,CAP-HF,1988/7/20,ACT,5900,ひっとらーのふっかつ とっぷしーくれっと,256K,0K,1,no,,,
363,めぞん一刻,ボーステック,BTC-M1,1988/7/21,ADV,5900,めぞんいっこく,256K,0K,1,no,,,
364,カイの冒険,ナムコ,-,1988/7/22,ACT,3900,かいのぼうけん,128K,64K,4,no,,,
365,カケフくんのジャンプ天国 スピード地獄,ビック東海,VIC-KX,1988/7/22,ACT,5300,かけふくんのじゃんぷてんごく すぴーどじごく,128K,0K,2,no,,,
366,レインボーアイランド,タイトー,DTF-RL,1988/7/26,ACT,5500,れいんぼーあいらんど,128K,0K,2,no,19,,
367,熱血高校ドッジボール部,テクノスジャパン,TJC-N3,1988/7/26,SPT,5800,ねっけつこうこうどっじぼーるぶ,128K,128K,1,no,,,
368,グレートタンク,SNK,SFX-TV,1988/7/29,SHT,5500,ぐれーとたんく,128K,128K,1,no,,,
369,三国志 中原の覇者,ナムコ,-,1988/7/29,SLG,6900,さんごくし なかはらのはしゃ,128K,128K,19,yes,,,
370,飛龍の拳Ⅱ ドラゴンの翼,カルチャーブレーン,CBF-H2,1988/7/29,ACT,5500,ひりゅうのこぶしⅡ どらごんのつばさ,128K,128K,1,no,,,
371,スーパーリアルベースボール '88,バップ,VAP-BG,1988/7/30,SPT,5500,すーぱーりあるべーすぼーる '88,128K,128K,1,no,,,
372,太陽の神殿 アステカⅡ,東京書籍,TKS-G5,1988/8/3,ADV,5900,たいようのしんでん あすてかⅡ,256K,0K,1,no,,,
373,エッガーランド 迷宮の復活,HAL研究所,HAL-EG,1988/8/9,PZL,5600,えっがーらんど めいきゅうのふっかつ,128K,32K,1,no,,,
374,マネーゲーム,ソフエル,SFL-MY,1988/8/10,SLG,5900,まねーげーむ,128K,32K,1,yes,,,
375,闘将！！拉麺男 炸裂超人一○二芸,バンダイ,SHI-RN,1988/8/10,ADV,5800,とうしょう！！らーめんおとこ さくれつちょうじん○げい,128K,128K,1,no,,,
376,燃えろ！！プロ野球’88決定版,ジャレコ,JF-19,1988/8/10,SPT,5800,もえろ！！ぷろやきゅう’88けっていばん,256K,128K,92,no,,,
377,水戸黄門Ⅱ 世界漫遊記,サンソフト,-,1988/8/11,ADV,5500,みとこうもんⅡ せかいまんゆうき,128K,128K,67,no,,,
378,サッカーリーグウィナーズカップ,データイースト,DFC-WIN,1988/8/12,SPT,5800,さっかーりーぐうぃなーずかっぷ,128K,128K,1,no,,,
379,ドラゴンボール 大魔王復活,バンダイ,?,1988/8/12,RPG,5800,どらごんぼーる だいまおうふっかつ,128K,128K,16,no,,,
380,ファイナルラップ,ナムコ,-,1988/8/12,RAC,5200,ふぁいなるらっぷ,128K,128K,19,no,,,
381,ファミコンウォーズ,任天堂,HVC-FW,1988/8/12,SLG,5500,ふぁみこんうぉーず,128K,128K,10,yes,,,
382,マッドシティ,コナミ,KDS-MU,1988/8/12,ACT,5500,まっどしてぃ,128K,128K,1,no,,,
383,不如帰 （ほととぎす）,アイレム,IF-10(TIX-ZI),1988/8/19,SLG,6500,ほととぎす （ほととぎす）,256K,0K,1,yes,10,,
384,スーパーピンボール,ココナッツジャパン,CDS-PJ,1988/8/23,ETC,5800,すーぱーぴんぼーる,128K,0K,1,no,,,
385,イース,ビクター音楽産業,VFR-Y2-05,1988/8/26,RPG,6200,いーす,256K,0K,1,yes,,,
386,スーパーダイナミックバトミントン,バップ,VAP-BN(9504),1988/8/26,SPT,4900,すーぱーだいなみっくばとみんとん,32K,8K,0,no,,,
387,亀の恩返し,ハドソン,HFC-KO,1988/8/26,SHT,5500,かめのおんがえし,128K,128K,1,no,,,
388,ファミコン 名人戦,SNK,SFX-MQ,1988/9/2,TAB,5900,ふぁみこん めいじんせん,128K,128K,1,yes,,,
389,マニアックマンション,ジャレコ,JF-18,1988/9/13,ADV,5500,まにあっくまんしょん,256K,0K,2,no,,,
390,コナミックスポーツ イン ソウル,コナミ,KDS-F2,1988/9/16,SPT,5500,こなみっくすぽーつ いん そうる,128K,128K,1,no,,,
391,霊幻道士,ポニーキャニオン,R59V5917(PNF-KY),1988/9/16,ACT,5900,れいげんどうし,256K,0K,1,no,,,
392,孔雀王,ポニーキャニオン,R58V5916(PNF-KZ),1988/9/21,ADV,5800,くじゃくおう,256K,0K,1,no,,,
393,ドナルドダック,ケムコ,KSC-WS,1988/9/22,ETC,5800,どなるどだっく,128K,128K,1,no,,,
394,エイトアイズ,セタ,KKS-BE,1988/9/27,ACT,5800,えいとあいず,128K,128K,4,no,3,,
395,えりかとさとるの夢冒険,ナムコ,-,1988/9/27,ADV,4900,えりかとさとるのゆめぼうけん,128K,128K,19,no,,,
396,VIVA LAS VEGAS,エピックソニー,ESF-LV(59・6R-2),1988/9/30,TAB,5900,?ぃ?ぁら?ぇがす,128K,128K,1,no,,,
397,ナイトライダー,パックインビデオ,PAC-NR,1988/9/30,RAC,5500,ないとらいだー,64K,128K,1,no,,,
398,ベストプレープロ野球 新データ,アスキー,HSP-11,1988/10/1,SLG,5800,べすとぷれーぷろやきゅう しんでーた,128K,32K,1,no,,,
399,大戦略,ボーステック,BTC-DY,1988/10/11,SLG,5900,だいせんりゃく,128K,32K,1,yes,,,
400,ブラックバスⅡ,ホットビィ,GAM-22-04,1988/10/18,ETC,5800,ぶらっくばすⅡ,128K,0K,2,no,,,
401,コブラコマンド,データイースト,DFC-CN,1988/10/21,SHT,5800,こぶらこまんど,128K,128K,1,no,,,
402,源平討魔伝,ナムコ,-,1988/10/21,RPG,4900,げんぺいとうまでん,128K,64K,4,no,,,
403,スーパーマリオブラザーズ3,任天堂,HVC-UM,1988/10/23,ACT,6500,すーぱーまりおぶらざーず3,256K,128K,4,no,,,
404,アメリカ大統領選挙,ヘクト,HCT-AQ/002,1988/10/28,SLG,9800,あめりかだいとうりょうせんきょ,128K,128K,1,yes,,,
405,三國志,光栄,KOE-IS,1988/10/30,SLG,9800,さんごくし,256K,0K,1,yes,,,
406,東方見文録,ナツメ,NAT-N1,1988/11/10,ADV,5800,とうほうみぶんろく,128K,128K,1,no,,,
407,アメリカンフットボール タッチダウンフィーバー,ケイアミューズメントリース,KAC-T7,1988/11/11,SPT,5500,あめりかんふっとぼーる たっちだうんふぃーばー,128K,32K,1,no,,,
408,ぎゅわんぶらあ自己中心派,アスミック,ASM-GJ,1988/11/11,TAB,5900,ぎゅわんぶらあじこちゅうしんは,256K,0K,1,yes,,,
409,西遊記ワールド,ジャレコ,NMK-KW,1988/11/11,ACT,5500,さいゆうきわーるど,128K,0K,2,no,,,
410,ファミリークイズ4人はライバル,アテナ,ATH-FQ,1988/11/16,ETC,5800,ふぁみりーくいず4にんはらいばる,128K,0K,2,no,,,
411,貝獣物語,ナムコ,-,1988/11/18,RPG,5500,かいじゅうものがたり,128K,128K,19,yes,,,
412,ディジャブ 悪魔は本当にやって来た,ケムコ,KOC-DG,1988/11/22,ADV,9800,でぃじゃぶ あくまはほんとうにやってきた,128K,256K,4,yes,,,
413,燃えろ！！ジュニアバスケット TWO ON TWO,ジャレコ,JF-20,1988/11/22,SPT,5500,もえろ！！じゅにあばすけっと TWO ON TWO,128K,128K,75,no,,,
414,たけしの戦国風雲児,タイトー,TFC-TSF-5800,1988/11/25,ETC,5800,たけしのせんごくふううんじ,128K,128K,33,no,20,,
415,ファミリーマージャンⅡ 上海への道,ナムコ,-,1988/11/25,TAB,4900,ふぁみりーまーじゃんⅡ しゃんはいへのみち,128K,64K,4,no,,,
416,中国占星術,ジャレコ,SAN-CQ,1988/11/29,ETC,5900,ちゅうごくせんせいじゅつ,128K,0K,2,no,,,
417,エイリアンシンドローム,サンソフト,SAN-AZ,1988/12/2,ACT,5500,えいりあんしんどろーむ,128K,128K,1,no,,,
418,桃太郎電鉄,ハドソン,HFC-M2,1988/12/2,TAB,5800,ももたろうでんてつ,256K,0K,2,no,,,
419,突然！マッチョマン,ビック東海,VIC-M5,1988/12/2,ACT,5500,とつぜん！まっちょまん,128K,0K,2,no,,,
420,半熟英雄,スクウェア,SQF-HJ,1988/12/2,SLG,5800,はんじゅくえいゆう,128K,0K,1,yes,,,
421,キングオブキングス,ナムコ,-,1988/12/9,SLG,5900,きんぐおぶきんぐす,128K,128K,19,yes,,,
422,ゴジラ,東宝,THF-GZ,1988/12/9,SLG,5800,ごじら,128K,128K,1,no,,,
423,中嶋悟監修F－1ヒーロー,バリエ,VRE-F1,1988/12/9,RAC,5900,なかじまさとるかんしゅうF－1ひーろー,128K,128K,4,no,,,
424,忍者龍剣伝,テクモ,TCF-NY,1988/12/9,ACT,5500,にんじゃりゅうけんでん,128K,128K,1,no,,,
425,89電脳九星占い by Gingukan,インダクショウンプロディース,IPC-J1-01,1988/12/10,ETC,9800,はちじゅうきゅうでんのう,256K,0K,1,no,,,
426,ファイティングロード,東映動画,TDF-FG,1988/12/13,ACT,6200,ふぁいてぃんぐろーど,128K,128K,4,no,,,
427,かぐや姫伝説,ビクター音楽産業,VFR-K1-06,1988/12/16,ADV,5900,かぐやひめでんせつ,256K,0K,1,yes,,,
428,キャプテン シルバー,徳間書店,GTS-CK,1988/12/16,ACT,5500,きゃぷてん しるばー,128K,128K,1,no,,,
429,グラディウスⅡ,コナミ,RC832,1988/12/16,ACT,5900,ぐらでぃうすⅡ,128K,128K,25,no,,,
430,トライアスロン,ケイアミューズメントリース,KAC-TZ,1988/12/16,RAC,5600,とらいあすろん,128K,128K,1,no,,,
431,究極ハリキリスタジアム’88選手新データバージョン,タイトー,TFC-KHS-5500,1988/12/16,SPT,5500,きゅうきょくはりきりすたじあむ’88せんしゅしんでーたばーじょん,128K,128K,80,no,18,,
432,サイクルレースロードマン～激走!!日本一周4000km～,東京書籍,TKS-G7,1988/12/17,RAC,5500,さいくるれーすろーどまん～げきそう!!にほんいっしゅう4000km～,128K,128K,1,no,,,
433,トップライダー,バリエ,VRE-R1,1988/12/17,RAC,9800,とっぷらいだー,128K,32K,1,no,,,
434,ファイナルファンタジーⅡ,スクウェア,SQF-FY,1988/12/17,RPG,6500,ふぁいなるふぁんたじーⅡ,256K,0K,1,yes,,,
435,ファミリートレーナーシリーズ9 風雲たけし城二,バンダイ,?,1988/12/20,SPT,4900,ふぁみりーとれーなーしりーず9 ふううんたけしじょう,32K,32K,3,no,,,対[トレーナー]
436,ファンタジーゾーンⅡ オパオパの涙,サンソフト,?,1988/12/20,SHT,5500,ふぁんたじーぞーんⅡ おぱおぱのなみだ,128K,128K,67,no,,,
437,プロ野球 ファミリースタジアム’88年度版,ナムコ,-,1988/12/20,SPT,4900,ぷろやきゅう ふぁみりーすたじあむ’88ねんどばん,128K,64K,4,no,,,
438,ローラーボール,HAL研究所,HAL-RH,1988/12/20,TAB,5600,ろーらーぼーる,128K,32K,1,no,,,
439,銀河英雄伝説 わが征くは星の大海,ケムコ,KSC-GE,1988/12/21,SLG,5900,ぎんがえいゆうでんせつ わがせいくはほしのたいかい,128K,128K,1,yes,,,
440,テトリス,BPS,BPS-TO,1988/12/22,PZL,4900,てとりす,32K,32K,3,no,,,
441,燃えろ！！プロサッカー,ジャレコ,JF-21,1988/12/23,SPT,5800,もえろ！！ぷろさっかー,256K,128K,92,no,,,
442,アキラ,タイトー,TFC-AK-6800,1988/12/24,ADV,6800,あきら,128K,256K,33,no,21,,
443,エアーウルフ,九娯貿易,KYG-AX,1988/12/24,ACT,5900,えあーうるふ,128K,128K,1,no,,,
444,小公子セディ （ファミコンドラマ）,フジテレビ,FMI-CD,1988/12/24,ADV,5900,しょうこうしせでぃ （ふぁみこんどらま）,256K,0K,1,yes,,,
445,プロ野球？殺人事件！,カプコン,CAP-PV,1988/12/24,ADV,5900,ぷろやきゅう？さつじんじけん！,256K,0K,1,yes,,,
446,ロックマン2 Dr．ワイリーの謎,カプコン,CAP-XR,1988/12/24,ACT,5800,ろっくまん2 Dr．わいりーのなぞ,256K,0K,1,no,,,
447,ゲバラ,SNK,SFX-GQ,1988/12/26,SHT,5500,げばら,128K,128K,1,no,,B,
448,がんばれゴエモン2,コナミ,RC833,1989/1/4,ACT,5500,がんばれごえもん2,128K,128K,23,no,,,
449,スペースハリアー,タカラ,TFC-S0,1989/1/6,SHT,5500,すぺーすはりあー,128K,0K,1,no,,,
450,100万＄キッド 幻の帝王編,ソフエル,SFL-KP,1989/1/6,TAB,5900,ひゃくまん,256K,0K,1,no,,,
451,西村京太郎ミステリー ブルートレイン殺人事件,アイレム,IF-11,1989/1/20,ADV,6500,にしむらきょうたろうみすてりー ぶるーとれいんさつじんじけん,128K,256K,16,no,11,,
452,里見八犬伝,SNK,SFX-S8,1989/1/20,RPG,5900,さとみはっけんでん,128K,128K,1,yes,,,
453,ゾイド2 ゼネバスの逆襲,TOEMILAND (東芝EMI),FS-2009G(TFS-Z2),1989/1/27,RPG,5900,ぞいど2 ぜねばすのぎゃくしゅう,256K,0K,1,yes,,,
454,モトクロスチャンピオン,コナミ,KDS-CX,1989/1/27,RAC,5500,もとくろすちゃんぴおん,128K,128K,1,no,,,
455,電撃ビッグバン,ビック東海,VIC-B6,1989/1/27,ACT,5800,でんげきびっぐばん,128K,128K,1,no,,,
456,パチ夫くん2,ココナッツジャパン,CDS-P2,1989/1/30,TAB,6500,ぱちおっとくん2,256K,0K,1,no,,,
457,ファミリートレーナーシリーズ10 来来キョンシーズ ベビーキョンシーのあみだ大冒険,バンダイ,?,1989/1/31,SPT,4900,ふぁみりーとれーなーしりーず10 らいらいきょんしーず べびーきょんしーのあみだだいぼうけん,32K,32K,3,no,,,対[トレーナー]
458,ワールドグランプリ POLE to FINISH (ポール・トゥ・フィニッシュ),データイースト,DFC-FH,1989/1/31,RAC,5800,わーるどぐらんぷり POLE to FINISH (ぽーる・とぅ・ふぃにっしゅ),128K,128K,1,yes,,,
459,トムソーヤの冒険,セタ,KKS-YB,1989/2/6,ACT,5900,とむそーやのぼうけん,128K,128K,4,no,4,,
460,ワギャンランド,ナムコ,-,1989/2/9,ACT,4900,わぎゃんらんど,128K,64K,4,no,,,
461,赤龍王,サンソフト,TEC-AJ,1989/2/10,ADV,5500,あかりゅうおう,128K,128K,1,no,,,
462,京都 花の密室殺人事件 山村美紗サスペンスシリーズ,タイトー,DTF-YM,1989/2/11,ADV,5900,きょうと はなのみっしつさつじんじけん やまむらみささすぺんすしりーず,128K,128K,4,no,22,,
463,ファミコンジャンプ 英雄列伝,バンダイ,SHI-FP,1989/2/15,RPG,6500,ふぁみこんじゃんぷ えいゆうれつでん,256K,128K,16,no,,,
464,ハイドライド3 闇からの訪問者,ナムコ,-,1989/2/17,RPG,6900,はいどらいど3 やみからのほうもんしゃ,256K,128K,19,yes,,,
465,飛ingヒーロー（フライングヒーロー）,エピックソニー,ESF-FZ(55・6R-3),1989/2/17,ACT,5500,ひingひーろー（ふらいんぐひーろー）,128K,0K,2,no,,,
466,スペースシャドー,バンダイ,?,1989/2/20,SHT,9800,すぺーすしゃどー,64K,128K,70,no,,,要[ショット] or 要[光]
467,ウィザードリィⅡ リルガミンの遺産,アスキー,HSP-13,1989/2/21,RPG,6500,うぃざーどりぃⅡ りるがみんのいさん,128K,128K,4,yes,,,
468,百鬼夜行,ユース,USE-HG,1989/2/23,RPG,6200,ひゃっきやこう,128K,128K,1,yes,,,
469,がんばれペナントレース！,コナミ,RC834,1989/2/28,SPT,5900,がんばれぺなんとれーす！,128K,128K,22/25,no,,,
470,魁！男塾 疾風一号生,バンダイ,?,1989/3/3,ACT,5800,いさお！おとこじゅく しっぷういちごうせい,128K,128K,16,no,,,
471,早打ちスーパー囲碁,ナムコ,-,1989/3/3,TAB,5900,はやうちすーぱーいご,32K,32K,3,no,,,
472,ジーザス 恐怖のバイオモンスター,キングレコード,KIN-GP(KIN-2),1989/3/17,ADV,5900,じーざす きょうふのばいおもんすたー,256K,0K,1,no,,,
473,爆笑！！人生劇場,タイトー,TFC-BJ2-5900,1989/3/17,TAB,5900,ばくしょう！！じんせいげきじょう,256K,128K,33,no,23,,
474,ファミリーピンボール,ナムコ,-,1989/3/24,TAB,4900,ふぁみりーぴんぼーる,128K,64K,4,no,,,
475,暗黒神話 ヤマトタケル伝説,トンキンハウス,TKS-G6,1989/3/24,ADV,5900,あんこくしんわ やまとたけるでんせつ,256K,0K,1,no,,,
476,じゃじゃ丸忍法帳,ジャレコ,JF-22,1989/3/28,RPG,5800,じゃじゃまるにんぽうちょう,128K,128K,75,no,,,
477,ペナントリーグ ホームランナイター,データイースト,DFC-YQ,1989/3/28,SPT,5800,ぺなんとりーぐ ほーむらんないたー,128K,128K,1,yes,,,
478,アフターバーナー,サンソフト,RS13-6200,1989/3/30,SHT,6200,あふたーばーなー,128K,256K,68,no,,,ホリ電機製ハンドルコントローラー対
479,オペレーションウルフ,タイトー,TFC-OW-5900,1989/3/31,SHT,5900,おぺれーしょんうるふ,128K,128K,33,no,24,,対[光]
480,シャドウゲイト,ケムコ,KSC-3S,1989/3/31,ADV,6200,しゃどうげいと,128K,128K,4,yes,,,
481,松本亨の株式必勝学Ⅱ,イマジニア,IMA-K2,1989/3/31,SLG,9800,まつもととおるのかぶしきひっしょうがくⅡ,256K,0K,1,yes,,,
482,ガーフィールドの一週間,トーワチキ,TCC-VG,1989/4/7,ACT,5500,がーふぃーるどのいっしゅうかん,128K,32K,1,no,,,
483,ドラゴンスピリット 新たなる伝説,ナムコ,-,1989/4/14,SHT,5200,どらごんすぴりっと あらたなるでんせつ,128K,128K,88,no,,,
484,マインドシーカー,ナムコ,-,1989/4/18,ETC,6500,まいんどしーかー,128K,128K,19,yes,,,
485,蒼き狼と白き牝鹿 ジンギスカン,光栄,KOE-GX,1989/4/20,SLG,9800,あおきおおかみとしろきめじか じんぎすかん,256K,0K,1,yes,,,
486,ダウンタウン熱血物語,テクノスジャパン,TJC-DN,1989/4/25,ACT,5900,だうんたうんねっけつものがたり,128K,128K,4,no,,,
487,デビルマン,ナムコ,-,1989/4/25,ADV,5500,でびるまん,128K,128K,88,no,,,
488,ドラゴンバスターⅡ 闇の封印,ナムコ,-,1989/4/27,ACT,5200,どらごんばすたーⅡ やみのふういん,128K,64K,4,no,,,
489,HOLY DIVER （ホーリーダイヴァー）,アイレム,IF-12,1989/4/28,ACT,5500,ほーりーだい?ぁー,128K,128K,78,no,12,B,
490,KEIBA SIMULATION 本命(競馬シュミレーション本命),日本物産,NBF-KH,1989/4/28,SLG,9800,けいばしゅみれーしょんほんめい,128K,128K,4,no,8,,
491,名探偵ホームズ Mからの挑戦状,トーワチキ,TCC-M3,1989/5/1,ADV,6000,めいたんていほーむず Mからのちょうせんじょう,256K,0K,1,no,,,
492,株式道場 実践編,ヘクト,HCT-DZ/003,1989/5/2,SLG,9800,かぶしきどうじょう じっせんへん,256K,0K,1,yes,,,
493,激亀忍者伝,コナミ,KDS-GN,1989/5/12,ACT,5800,げきかめにんじゃでん,128K,128K,1,no,,,
494,めざせ三冠王 ベースボールスター,SNK,SFX-B9,1989/5/19,SPT,5900,めざせさんかんおう べーすぼーるすたー,128K,128K,1,yes,,,
495,天地を喰らう,カプコン,CAP-YZ,1989/5/19,RPG,5900,てんちをくらう,256K,0K,1,yes,,,
496,スーパーチャイニーズ2 ドラゴンキッド,カルチャーブレーン,CBF-C2,1989/5/26,RPG,5900,すーぱーちゃいにーず2 どらごんきっど,128K,128K,4,no,,,
497,帰って来た！軍人将棋 なんやそれ？,ソフエル,SFL-NS,1989/5/26,TAB,5500,かえってきた！ぐんじんしょうぎ なんやそれ？,128K,0K,1,no,,,
498,ラサール石井のチャイルズクエスト,ナムコ,-,1989/6/23,RPG,5500,らさーるいしいのちゃいるずくえすと,128K,64K,4,no,,,
499,SDガンダムワールドガチャポン戦士2 カプセル戦記,バンダイ,SHI-2G,1989/6/25,SLG,6800,えすでぃーがんだむわーるどがちゃぽんせんし2,128K,128K,4,yes,,,
500,クインティ,ナムコ,-,1989/6/27,ACT,4900,くいんてぃ,128K,128K,88,no,,,
501,マーダークラブ,セタ,KKS-RZ,1989/6/30,ADV,6800,まーだーくらぶ,128K,128K,4,yes,5,,
502,脱獄 PRISONERS OF WAR,ケイアミューズメントリース,KAC-P7,1989/6/30,ACT,5600,だつごく PRISONERS OF WAR,128K,128K,1,no,,,
503,新燃えろプロ野球,ジャレコ,JF-23,1989/7/13,SPT,6300,しんもえろぷろやきゅう,256K,128K,18,no,,,
504,ドラゴンニンジャ,ナムコ,-,1989/7/14,ACT,5800,どらごんにんじゃ,128K,128K,19,no,,,
505,ホワイトライオン伝説 ピラミットの彼方に,ケムコ,KSC-WE,1989/7/14,RPG,5900,ほわいとらいおんでんせつ ぴらみっとのかなたに,128K,128K,1,yes,,,
506,囲碁指南,ヘクト,HCT-ID/004,1989/7/14,TAB,5800,いごしなん,32K,8K,0,no,,,
507,ウィロー,カプコン,CAP-WI,1989/7/18,RPG,5900,うぃろー,128K,128K,1,no,,,
508,必殺道場破り,シグマ商事,SEI-1A,1989/7/18,ACT,6500,ひっさつどうじょうやぶり,128K,128K,1,yes,,,
509,ケルナグール,ナムコ,-,1989/7/21,ACT,4900,けるなぐーる,128K,64K,4,no,,,
510,ファリア 封印の剣,ハイスコアメディアワーク,HSS-FA,1989/7/21,RPG,6200,ふぁりあ ふういんのけん,128K,128K,1,yes,,,
511,究極ハリキリスタジアム平成元年版,タイトー,TFC-KHH-6800,1989/7/21,SPT,6800,きゅうきょくはりきりすたじあむへいせいがんねんばん,128K,256K,82,yes,25,,
512,全米プロバスケット,ビック東海,VIC-A2,1989/7/21,SPT,5800,ぜんべいぷろばすけっと,128K,128K,1,no,,,
513,パーフェクト ボウリング,トンキンハウス,TKS-G8,1989/7/25,SPT,5500,ぱーふぇくと ぼうりんぐ,128K,32K,1,no,,,
514,MOTHER(マザー),任天堂,HVC-MX,1989/7/25,RPG,6500,まざー,256K,128K,4,yes,,,
515,美味しんぼ 究極のメニュー三本勝負,バンダイ,SHI-OS,1989/7/25,ADV,5800,おいしんぼ きゅうきょくのめにゅーさんぼんしょうぶ,128K,128K,1,no,,,
516,ファミスタ’89開幕版,ナムコ,-,1989/7/28,SPT,4900,ふぁみすた’89かいまくばん,128K,64K,4,no,,,
517,スプラッターハウス わんぱくグラフィティ,ナムコ,-,1989/7/31,ACT,4900,すぷらったーはうす わんぱくぐらふぃてぃ,128K,128K,19,no,,,
518,コズミックウォーズ,コナミ,KDS-CJ,1989/8/4,SLG,6500,こずみっくうぉーず,128K,128K,1,yes,,,
519,究極タイガー,CBSソニー,CBS-QT/58-FR-3,1989/8/4,SHT,5900,きゅうきょくたいがー,128K,128K,4,no,,,
520,燃えるお兄さん,東宝,THF-M7,1989/8/8,ACT,5800,もえるおにいさん,128K,128K,1,no,,,
521,名門第三野球部,バンダイ,?,1989/8/8,SPT,5800,めいもんだいさんやきゅうぶ,128K,128K,16,no,,,
522,ムーランルージュ戦記 メルヴィルの炎,学習研究社,GAT-M6,1989/8/11,SLG,5900,むーらんるーじゅせんき めるう゛ぃるのほのお,128K,128K,1,yes,,,
523,武田信玄2 スーパー戦国シュミレーションゲーム,ホットビィ,GAM-23-05,1989/8/21,SLG,6800,たけだしんげん2 すーぱーせんごくしゅみれーしょんげーむ,256K,0K,1,yes,,,
524,キャプテンED （えど）,CBSソニー,CBS-ED/59-FR-5,1989/8/24,SHT,5900,きゃぷてんED （えど）,256K,0K,1,no,,,
525,レーサーミニ四駆 ジャパンカップ,コナミ,RC842,1989/8/25,RAC,5900,れーさーみによんく じゃぱんかっぷ,128K,128K,25,no,,,
526,ロボコップ,データイースト,DFC-2C,1989/8/25,ACT,5800,ろぼこっぷ,128K,128K,4,no,,,
527,激闘プロレス！！闘魂伝説,テクモ,TCF-PZ,1989/9/1,ACT,5800,げきとうぷろれす！！とうこんでんせつ,128K,128K,1,no,8,,
528,アイドル八犬伝,トーワチキ,TCC-I8,1989/9/14,ADV,6000,あいどるはっけんでん,128K,128K,1,no,,B,
529,谷川浩司の将棋指南Ⅲ,ポニーキャニオン,R58V5921(PNF-T3),1989/9/14,TAB,5800,たにがわこうじのしょうぎしなんⅢ,128K,0K,1,yes,,,
530,マルサの女,カプコン,CAP-FM,1989/9/19,ADV,5900,まるさのおんな,128K,128K,1,no,,,
531,ウルティマ 聖者への道,ポニーキャニオン,R59V5922(PNF-U5),1989/9/20,RPG,5900,うるてぃま せいじゃへのみち,256K,0K,1,yes,,,
532,中華大仙,タイトー,DTF-CW,1989/9/22,SHT,5800,ちゅうかだいせん,128K,128K,1,no,27,,
533,アメリカンドリーム (AMERICAN DREAM),ココナッツジャパン,CDS-A7,1989/9/23,TAB,5900,あめりかんどりーむ (AMERICAN DREAM),128K,128K,1,no,,,
534,サンダーバード,パックインビデオ,PAC-T5,1989/9/29,SHT,5500,さんだーばーど,128K,128K,1,no,,,
535,ツインビー3 ポコポコ大魔王,コナミ,RC841,1989/9/29,SHT,5500,ついんびー3 ぽこぽこだいまおう,128K,128K,22,no,,,
536,マハラジャ,サンソフト,-,1989/9/29,ADV,6200,まはらじゃ,128K,128K,68,yes,,,
537,悪魔の招待状,ケムコ,KSC-UV,1989/9/29,ADV,6200,あくまのしょうたいじょう,128K,128K,4,yes,,,
538,明治維新,ユース,USE-NC,1989/9/29,RPG,6200,めいじいしん,256K,0K,1,yes,,,
539,落っことしパズルとんじゃん,ジャレコ,NMK-JT,1989/9/29,PZL,5600,おちっことしぱずるとんじゃん,128K,128K,1,no,,,
540,甲子園,ケイアミューズメントリース,KAC-KO,1989/10/6,SPT,5900,こうしえん,128K,128K,1,no,,,
541,ワールドスーパーテニス,アスミック,ASM-W1,1989/10/13,SPT,5900,わーるどすーぱーてにす,128K,128K,1,no,,,
542,ヴィナス戦記,バリエ,VRE-R2,1989/10/14,SLG,5800,う゛ぃなすせんき,128K,128K,1,no,,,
543,北斗の拳3 新世紀創造 凄拳列伝,東映動画,TDF-K3,1989/10/19,RPG,6200,ほくとのけん3 しんせいきそうぞう すごけんれつでん,256K,0K,1,yes,,,
544,ソフトボール天国,トンキンハウス,TKS-GS,1989/10/27,SPT,5800,そふとぼーるてんごく,128K,128K,1,no,,,
545,ドラゴンボール3 悟空伝,バンダイ,?,1989/10/27,RPG,6800,どらごんぼーる3 ごくうでん,128K,256K,16,no,,,
546,メジャーリーグ,アイレム,IF-13,1989/10/27,SPT,6000,めじゃーりーぐ,128K,128K,32,no,13,,
547,超人ウルトラベースボール,カルチャーブレーン,CBF-UB,1989/10/27,SPT,6500,ちょうじんうるとらべーすぼーる,128K,128K,1,yes,,,
548,田代まさしのプリンセスがいっぱい,エピックソニー,ESF-PO,1989/10/27,ACT,5500,たしろまさしのぷりんせすがいっぱい,128K,128K,1,no,,,
549,麻雀大会,光栄,KOE-IQ,1989/10/31,TAB,7800,まーじゃんたいかい,128K,0K,1,yes,,,
550,御存知弥次喜多珍道中,HAL研究所,HAL-YJ,1989/11/7,ADV,6800,ごぞんじやじきたちんどうちゅう,256K,128K,1,no,,,
551,U．S．チャンピオンシップ V’BALL,テクノスジャパン,TJC-VJ,1989/11/10,SPT,5900,ゆーえすちゃんぴおんしっぷ,128K,128K,4,no,,,
552,ダンジョン＆マジック SWORDS OF ELEMENT(ソード オブ エレメント),ナツメ,NAT-DM,1989/11/10,RPG,6500,だんじょん＆まじっく SWORDS OF ELEMENT(そーど おぶ えれめんと),128K,128K,1,yes,,,
553,激突四駆バトル,アイレム,IF-15,1989/11/17,RAC,4800,げきとつよんくばとる,128K,0K,2,no,15,,
554,忍者COP サイゾウ,九娯貿易,KYG-NX,1989/11/17,ACT,5900,にんじゃCOP さいぞう,128K,128K,1,no,,,
555,コズミック イプシロン,アスミック,ASM-EO,1989/11/24,SHT,6500,こずみっく いぷしろん,128K,256K,4,no,,,
556,ベガスコネクション カジノより愛をこめて,シグマ商事,SEI-1B,1989/11/24,TAB,9600,べがすこねくしょん かじのよりあいをこめて,256K,0K,1,yes,,,
557,寺尾のどすこい大相撲,ジャレコ,JF-24,1989/11/24,ACT,5900,てらおのどすこいおおずもう,128K,128K,18,no,,,
558,ゴルフッ子オープン,タイトー,TFC-GO-5900,1989/11/25,SPT,5900,ごるふっごおーぷん,128K,256K,33,no,26,,
559,スクウェアのトムソーヤ,スクウェア,SQF-T4,1989/11/30,RPG,6500,すくうぇあのとむそーや,256K,0K,1,yes,,,
560,コンフリクト,ビック東海,VIC-C3,1989/12/1,SLG,6200,こんふりくと,128K,128K,1,yes,,,
561,TAO(タオ) 道,バップ,VAP-BY(9505),1989/12/1,RPG,5500,たお,128K,128K,1,yes,,,
562,ホステージ,ケムコ,KSC-HZ,1989/12/1,ACT,5900,ほすてーじ,128K,128K,1,no,,,
563,未来戦史ライオス,パックインビデオ,PAC-R6,1989/12/1,SLG,6300,みらいせんしらいおす,256K,0K,1,yes,,,
564,おそ松くん バックトゥザミーの出っ歯の巻,バンダイ,SHI-OB,1989/12/8,ADV,5800,おそまつくん ばっくとぅざみーのでっぱのまき,128K,128K,1,no,,,
565,スーパーモグラたたき ぽっくんモグラー,アイジーエス,IGS-X1,1989/12/8,ACT,6900,すーぱーもぐらたたき ぽっくんもぐらー,32K,32K,3,no,,,対[マット]
566,タイトーチェイスH．Q．,タイトー,DTF-H9,1989/12/8,RAC,5900,たいとーちぇいすH．Q．,128K,128K,4,no,28,,
567,光と闇の戦い 新里見八犬伝,東映動画,TDF-91,1989/12/8,RPG,6200,ひかりとやみのたたかい しんさとみはっけんでん,256K,0K,1,yes,,,
568,星霊狩り,ハドソン,HFC-V1,1989/12/8,ADV,5800,ほしれいがり,256K,0K,2,no,,,
569,SUPER STAR プロレスリング,ポニーキャニオン,R59V5923(PNF-S9),1989/12/9,ACT,5900,すーぱーすたーぷろれすりんぐ,128K,128K,4,no,,,
570,アバドックス,ナツメ,NAT-A3,1989/12/15,SHT,5800,あばどっくす,128K,128K,1,no,,,
571,かってにシロクマ もりをすくえのまき,CBSソニー,CBS-WR/59-FR-4,1989/12/15,ADV,5900,かってにしろくま もりをすくえのまき,128K,128K,1,no,,,
572,スウィートホーム,カプコン,CAP-EH,1989/12/15,RPG,6500,すうぃーとほーむ,256K,0K,1,yes,,,
573,トップガン デュアルファイターズ,コナミ,KDS-TG,1989/12/15,SHT,6000,とっぷがん でゅあるふぁいたーず,128K,128K,4,no,,,
574,ピンボールクエスト,ジャレコ,JF-26,1989/12/15,TAB,5600,ぴんぼーるくえすと,128K,128K,72,no,,,
575,ファミコン野球盤,エポック社,EPO-EY,1989/12/15,SPT,6200,ふぁみこんやきゅうばん,128K,128K,1,no,,,
576,フリップル,タイトー,TFC-EP-3900,1989/12/15,PZL,3900,ふりっぷる,32K,32K,3,no,29,,
577,激闘スタジアム,テクモ,TCF-EF,1989/12/15,SPT,5500,げきとうすたじあむ,128K,128K,1,no,9,,
578,神仙伝,アイレム,IF-16(TIX-Z3),1989/12/15,RPG,6300,しんせんでん,256K,0K,1,yes,16,,
579,I LOVE ソフトボール,ココナッツジャパン,CDS-S6,1989/12/19,SPT,6500,あいらぶそふとぼーる,128K,128K,1,no,,,
580,エモやんの10倍プロ野球 セリーグ編,ヘクト,HCT-IB/005,1989/12/19,SPT,9700,えもやんの10ばいぷろやきゅう せりーぐへん,128K,128K,1,yes,,,
581,クォーターバックスクランブル,ポニーキャニオン,R59V5925(PNF-OS),1989/12/19,SPT,5900,くぉーたーばっくすくらんぶる,128K,128K,1,no,,,対[ホリトラック]
582,ファミスタ’90,ナムコ,-,1989/12/19,SPT,5800,ふぁみすた’90,128K,128K,19,yes,,,
583,マネーゲームⅡ 兜町の奇跡,ソフエル,SFL-ZM,1989/12/20,SLG,5900,まねーげーむⅡ かぶとちょうのきせき,128K,128K,1,no,,,
584,ザロードオブキング,ジャレコ,JF-25,1989/12/21,ACT,5600,ざろーどおぶきんぐ,128K,128K,18,no,,,
585,TM NETWORK LIVE IN POWER BOWL,エピックソニー,ESF-T9/ESPG31,1989/12/22,ADV,6200,てぃーえむねっとわーくらいぶいん,128K,128K,4,no,,,
586,バットマン,サンソフト,-,1989/12/22,ACT,6200,ばっとまん,128K,128K,69,no,,,
587,マッピーキッズ,ナムコ,-,1989/12/22,ACT,5800,まっぴーきっず,128K,128K,19,no,,,
588,悪魔城伝説,コナミ,RC845,1989/12/22,ACT,6500,あくまじょうでんせつ,256K,128K,24,no,,B,
589,双截龍Ⅱ The Revenge,テクノスジャパン,TJC-W2,1989/12/22,ACT,5900,ふたきりゅうⅡ The Revenge,128K,128K,4,no,,,
590,ヘラクレスの栄光Ⅱ タイタンの滅亡,データイースト,DFC-2H,1989/12/23,RPG,5900,へらくれすのえいこうⅡ たいたんのめつぼう,256K,0K,1,yes,,,
591,中国雀士物語 東風（トンフー）,ナツメ,NAT-TS,1989/12/23,TAB,5800,ちゅうごくじゃんしものがたり ひがしかぜ（とんふー）,128K,128K,1,no,,,
592,名門！多古西応援団,アスミック,ASM-T1,1989/12/25,SLG,6500,めいもん！たこにしおうえんだん,128K,128K,4,no,,,
593,スーパーラグビー,ティーエスエス,TSS-S7,1989/12/27,SPT,5900,すーぱーらぐびー,128K,128K,1,no,,,
594,がんばれゴエモン外伝 きえた黄金キセル,コナミ,RC857,1990/1/5,RPG,6980,がんばれごえもんがいでん きえたおうごんきせる,256K,256K,25,yes,,,
595,アドベンチャーズ オブ ロロ,HAL研究所,HAL-A4,1990/1/6,PZL,4900,あどべんちゃーず おぶ ろろ,32K,32K,4,no,,B,
596,囲碁名鑑,青木書店,HCT-II/006,1990/1/12,TAB,9680,いごめいかん,32K,8K,0,no,,B,
597,わんぱくダック夢冒険 DUCK TALES,カプコン,CAP-UK,1990/1/26,ACT,5800,わんぱくだっくゆめぼうけん DUCK TALES,128K,0K,2,no,,,
598,キャデラック,ヘクト,HCT-C5/007,1990/2/2,PZL,4900,きゃでらっく,32K,32K,3,no,,,
599,SUPER魂斗羅（スーパーコントラ）,コナミ,KDS-UE,1990/2/2,ACT,5800,すーぱーこんとら,128K,128K,4,no,,B,
600,信長の野望 戦国群雄伝,光栄,KOE-NU,1990/2/3,SLG,11800,のぶながのやぼう せんごくぐんゆうでん,256K,128K,5,yes,,,
601,もっともあぶない刑事,東映動画,TDF-93,1990/2/6,ACT,5300,もっともあぶないけいじ,128K,0K,2,no,,,
602,ドラゴンクエストⅣ 導かれし者たち,エニックス,EFC-D4,1990/2/11,RPG,8500,どらごんくえすとⅣ みちびかれしものたち,512K,0K,1,yes,,,
603,アークティック,ポニーキャニオン,R55V5927(PNF-A9),1990/2/23,PZL,5500,あーくてぃっく,128K,0K,2,no,,,
604,キテレツ大百科,エポック社,EPO-KT,1990/2/23,ACT,5900,きてれつだいひゃっか,128K,128K,1,no,,,
605,デッドフォックス,カプコン,CAP-VP,1990/2/23,ACT,5800,でっどふぉっくす,128K,128K,4,no,,,
606,悪魔くん 魔界の罠,バンダイ,?,1990/2/24,RPG,5800,あくまくん まかいのわな,128K,128K,16,no,,,
607,ドラゴンユニット,アテナ,ATH-ZX,1990/2/27,ACT,5800,どらごんゆにっと,128K,0K,2,no,,,
608,西村京太郎ミステリー スーパーエクスプレス殺人事件,アイレム,IF-17(TIX-Z4),1990/3/2,ADV,6500,にしむらきょうたろうみすてりー すーぱーえくすぷれすさつじんじけん,128K,128K,4,no,17,,
609,プレジデントの選択,ホットビィ,GAM-B3-06,1990/3/2,SLG,9800,ぷれじでんとのせんたく,256K,0K,1,yes,,,
610,ヘビーバレル,データイースト,DFC-XH,1990/3/2,ACT,5800,へびーばれる,128K,128K,4,no,,,
611,ウィザードリィⅢ ダイヤモンドの騎士,アスキー,HSP-32,1990/3/9,RPG,6500,うぃざーどりぃⅢ だいやもんどのきし,128K,128K,4,yes,,,
612,ドンドコドン,タイトー,TFC-DD-5900,1990/3/9,ACT,5900,どんどこどん,128K,256K,33,no,30,,
613,モアイくん,コナミ,KDS-M9,1990/3/9,ACT,4800,もあいくん,32K,32K,3,no,,,
614,イメージファイト,アイレム,IF-14,1990/3/16,SHT,6500,いめーじふぁいと,128K,128K,32,no,14,,
615,仮面の忍者 花丸,カプコン,CAP-JE,1990/3/16,ACT,5800,かめんのにんじゃ はなまる,128K,128K,1,no,,,
616,怒Ⅲ,ケイアミューズメントリース,KAC-3D,1990/3/16,ACT,5600,いかりⅢ,128K,128K,1,no,,,
617,サンサーラナーガ,ビクター音楽産業,VFR-Q1-08,1990/3/23,RPG,7500,さんさーらなーが,256K,128K,4,yes,,,
618,バルダーダッシュ,データイースト,DFC-XB,1990/3/23,ACT,4900,ばるだーだっしゅ,32K,32K,1,no,,,
619,魔神英雄伝ワタル外伝,ハドソン,HFC-V2,1990/3/23,RPG,6800,まじんえいゆうつたうわたるがいでん,256K,0K,1,yes,,,
620,パワーサッカー,徳間書店,GTS-FT,1990/3/30,SPT,4900,ぱわーさっかー,32K,32K,3,no,,,
621,ベストプレープロ野球Ⅱ,アスキー,HSP-33,1990/3/30,SLG,6800,べすとぷれーぷろやきゅうⅡ,256K,0K,1,yes,,,
622,井崎脩五郎の競馬必勝学,イマジニア,IMA-EK,1990/3/30,ETC,9800,いざきしゅうごろうのけいばひっしょうがく,256K,0K,1,yes,,,NEW
623,魍魎戦記 MADARA (魔陀羅 マダラ）,コナミ,RC846,1990/3/30,RPG,8500,もうりょうせんき MADARA (またうすもの まだら）,256K,256K,26,yes,,,
624,ディープダンジョンⅣ 黒の妖術師,アスミック,ASM-4D,1990/4/6,RPG,6500,でぃーぷだんじょんⅣ くろのようじゅつし,256K,0K,1,yes,,,
625,デジタルデビル物語 女神転生Ⅱ,ナムコ,-,1990/4/6,RPG,7800,でじたるでびるものがたり めがみてんせいⅡ,256K,256K,19,yes,,,
626,忍者龍剣伝Ⅱ 暗黒の邪神剣,テクモ,TCF-NW,1990/4/6,ACT,5900,にんじゃりゅうけんでんⅡ あんこくのじゃしんつるぎ,128K,128K,4,no,10,,
627,ウルトラマン倶楽部2 帰ってきたウルトラマン倶楽部,バンダイ,SHI-UU,1990/4/7,RPG,6000,うるとらまんくらぶ2 かえってきたうるとらまんくらぶ,128K,128K,4,no,,,
628,ガンヘッド 新たなる戦い,バリエ,VRE-R3,1990/4/13,SLG,6500,がんへっど あらたなるたたかい,128K,128K,1,yes,,,
629,クォース,コナミ,KDS-H7,1990/4/13,PZL,4900,くぉーす,32K,32K,3,no,,,
630,ゴッドスレイヤー はるか天空のソナタ,SNK,SFX-60,1990/4/13,RPG,7600,ごっどすれいやー はるかてんくうのそなた,256K,128K,4,yes,,,
631,SDバトル大相撲 平成ヒーロー場所,バンプレスト,BAP-X3,1990/4/20,ACT,6300,えすでぃーばとるおおずもう,128K,128K,4,no,,,
632,パワーブレイザー,タイトー,TFC-PB-5900,1990/4/20,ACT,5900,ぱわーぶれいざー,128K,128K,33,no,31,,
633,ファイアーエムブレム 暗黒竜と光の剣,任天堂,HVC-VX,1990/4/20,SLG,6000,ふぁいあーえむぶれむ あんこくりゅうとひかりのけん,256K,128K,10,yes,,,
634,黒鉄ヒロシの予想大好き！勝馬伝説,日本物産,NBF-R7,1990/4/20,ETC,8000,くろがねひろしのよそうだいすき！かちうまでんせつ,128K,128K,4,yes,9,,
635,ファイナルファンタジーⅢ,スクウェア,SQF-FC,1990/4/27,RPG,8400,ふぁいなるふぁんたじーⅢ,512K,0K,4,yes,,,
636,影狼伝説,ピクセル,PIX-XA-01,1990/5/11,RPG,6200,かげおおかみでんせつ,128K,128K,4,yes,,,
637,キャッスルクエスト,ハドソン,HFC-V4,1990/5/18,ETC,4900,きゃっするくえすと,128K,128K,4,no,,,
638,熱血高校ドッジボール部サッカー編,テクノスジャパン,TJC-N3,1990/5/18,SPT,5900,ねっけつこうこうどっじぼーるぶさっかーへん,128K,128K,4,no,,,
639,イースⅡ ANCIENT YS VANISHED THE FINAL CHAPTER,ビクター音楽産業,VFR-Q2-09,1990/5/25,RPG,7500,いーすⅡ ANCIENT YS VANISHED THE FINAL CHAPTER,512K,128K,4,yes,,,
640,馬券必勝学 ゲートイン,ケイアミューズメントリース,KAC-3F,1990/5/25,SLG,9800,ばけんひっしょうがく げーといん,256K,0K,1,no,,,
641,じゃじゃ丸撃魔伝 幻の金魔城,ジャレコ,JF-27,1990/5/29,RPG,5900,じゃじゃまるうちまでん まぼろしのきんまじょう,128K,128K,18,yes,,,
642,チップとデールの大作戦,カプコン,CAP-JD,1990/6/8,ACT,5800,ちっぷとでーるのだいさくせん,128K,128K,1,no,,,
643,ダッシュ野郎,ビスコ,VIS-5D,1990/6/15,RAC,5800,だっしゅやろう,128K,0K,2,no,,,
644,バトルフリート,ナムコ,-,1990/6/23,SLG,5900,ばとるふりーと,128K,128K,19,yes,,,
645,ファイナルミッション,ナツメ,NAT-FV,1990/6/23,ACT,5800,ふぁいなるみっしょん,128K,128K,1,no,,B,
646,水滸伝 天命の誓い,光栄,KOE-XJ,1990/6/29,SLG,11800,すいこでん てんめいのちかい,256K,128K,5,yes,,,
647,燃えろ！！柔道WARRIORS,ジャレコ,JF-28,1990/6/29,SPT,5600,もえろ！！じゅうどうWARRIORS,128K,128K,72,no,,,
648,迷宮島,アイレム,IF-18,1990/6/29,PZL,5800,めいきゅうじま,128K,128K,32,no,18,,
649,ハットリス,BPS,BPS-JZ,1990/7/6,PZL,5500,はっとりす,128K,0K,1,no,,,
650,パラメデス,ホットビィ,GAM-JI-07,1990/7/6,PZL,5500,ぱらめです,32K,32K,1,no,,,
651,飛龍の拳Ⅲ 五人の龍戦士,カルチャーブレーン,CBF-3H,1990/7/6,ACT,6300,ひりゅうのこぶしⅢ ごにんのりゅうせんし,128K,128K,4,no,,,
652,SDヒーロー総決戦 倒せ悪の軍団,バンプレスト,BAP-X5,1990/7/7,ACT,6300,えすでぃーひーろーそうけっせん,128K,128K,4,no,,,
653,wit's (ウイッツ),アテナ,ATH-XW,1990/7/13,ACT,5800,ういっつ,128K,0K,2,no,,,
654,キャプテン翼Ⅱ スーパーストライカー,テクモ,TCF-T6,1990/7/20,SPT,6900,きゃぷてんつばさⅡ すーぱーすとらいかー,256K,128K,4,no,11,,
655,ソルスティス 三次元迷宮の狂獣,エピックソニー,ESF-E3/ESPG-33,1990/7/20,ACT,5900,そるすてぃす さんじげんめいきゅうのくるいけもの,128K,0K,7,no,,,
656,ニチブツマージャンⅢ マージャンGメン,日本物産,NBF-JX,1990/7/20,TAB,6400,にちぶつまーじゃんⅢ まーじゃんGめん,128K,128K,4,no,10,,
657,無頼戦士（ブライファイター）,タイトー,DTF-5F,1990/7/20,SHT,5900,ぶらいせんし（ぶらいふぁいたー）,32K,32K,4,no,32,,
658,獣王記,アスミック,ASM-9J,1990/7/20,ACT,5900,じゅうおうき,128K,128K,4,no,,,
659,ペナントリーグ ホームランナイター’90 ペナントリーグ,データイースト,DFC-YP,1990/7/24,SPT,6300,ぺなんとりーぐ ほーむらんないたー’90 ぺなんとりーぐ,128K,128K,4,yes,,,
660,ゴルゴ13 第二章 イカロスの謎,ビック東海,VIC-M4,1990/7/27,ACT,6000,ごるご13 だいにしょう いかろすのなぞ,128K,128K,4,no,,,
661,ステッド 遺跡惑星の野望,ケイアミューズメントリース,KAC-3F,1990/7/27,RPG,5900,すてっど いせきわくせいのやぼう,128K,128K,1,yes,,,
662,Dr.マリオ(ドクターマリオ),任天堂,HVC-VU,1990/7/27,PZL,4900,どくたーまりお,32K,32K,1,no,,,
663,ビックリマンワールド 激突聖戦士,ハドソン,HFC-V3,1990/7/27,RPG,6800,びっくりまんわーるど げきとつせいんと,256K,0K,1,yes,,,
664,燃えプロ！’90 感動編,ジャレコ,JF-29,1990/7/27,SPT,6500,もえぷろ！’90 かんどうへん,256K,128K,18,no,,,
665,Might and Magic(マイトアンドマジック),学習研究社,GAT-MP,1990/7/31,RPG,8500,まいとあんどまじっく,256K,256K,4,yes,,,
666,ゲームパーティー,ココナッツジャパン,CDS-P8,1990/8/3,ETC,6500,げーむぱーてぃー,128K,128K,1,no,,,
667,ハッピーバースディバックス,ケムコ,KSC-H8,1990/8/3,ACT,5900,はっぴーばーすでぃばっくす,128K,128K,4,no,,,
668,2010 ストリートファイター,カプコン,STE-20,1990/8/8,ACT,5800,にぜろいちぜろすとりーと,128K,128K,4,no,,,
669,忍者らホイ！ 痛快うんがちょこ忍法伝,アスキー,HSP-34,1990/8/8,RPG,7800,にんじゃらほい！ つうかいうんがちょこにんぽうでん,512K,0K,1,yes,,,
670,闇の仕事人 KAGE,ナツメ,NAT-JL,1990/8/10,ACT,5900,やみのしごとにん KAGE,128K,128K,4,no,,,
671,タイタン,ソフエル,SFL-NL,1990/8/10,ACT,5900,たいたん,128K,0K,1,no,,,
672,ドラゴンファイター,トーワチキ,TCC-1D,1990/8/10,ACT,5700,どらごんふぁいたー,128K,128K,1,no,,,
673,ぱられるワールド,バリエ,VRE-R9,1990/8/10,PZL,5980,ぱられるわーるど,128K,128K,4,no,,,
674,ピーパータイム,サンリツ電気,SAN-P6,1990/8/10,PZL,4900,ぴーぱーたいむ,32K,16K,3,no,,,
675,ラフ,サンソフト,TEC-RF,1990/8/10,ACT,5500,らふ,128K,128K,1,no,,B,
676,川のぬし釣り,パックインビデオ,PAC-7K,1990/8/10,RPG,6300,かわのぬしつり,128K,128K,4,no,,,
677,日本一の名監督,アスミック,ASM-M8,1990/8/10,SPT,6800,にっぽんいちのめいかんとく,256K,0K,1,yes,,,
678,SDガンダム外伝 ナイトガンダム物語,バンダイ,?,1990/8/11,RPG,6800,えすでぃーがんだむ,256K,128K,16,yes,,,
679,ブロディアランド,トンキンハウス,TKS-XF,1990/8/11,PZL,5600,ぶろでぃあらんど,128K,128K,1,no,,,
680,孔雀王Ⅱ,ポニーキャニオン,R68V5932(PNF-QW),1990/8/21,ADV,6800,くじゃくおうⅡ,128K,128K,1,yes,,,
681,上海Ⅱ,サンソフト,TEC-XT,1990/8/24,PZL,5500,しゃんはいⅡ,128K,0K,2,no,,,
682,魔天童子,クエスト,BTC-7M,1990/8/24,ACT,6500,まてんどうじ,128K,128K,4,no,,,
683,雀豪,ビクター音楽産業,VFR-Q3-10,1990/8/30,TAB,6700,すずめごう,256K,0K,1,yes,,,
684,ダンジョンキッド,クエスト,BTC-7D,1990/8/31,ETC,6500,だんじょんきっど,128K,0K,1,yes,,,
685,宇宙警備隊 SDF,HAL研究所,HAL-UI,1990/9/7,SHT,6900,うちゅうけいびたい SDF,128K,128K,5,no,,B,
686,SD戦国武将列伝 烈火のごとく天下を盗れ！,バンプレスト,BAP-X6,1990/9/8,SLG,6800,えすでぃーせんごくぶしょうれつでん,128K,128K,4,yes,,,
687,ワールドボクシング,ティーエスエス,TSS-W7,1990/9/8,SPT,5900,わーるどぼくしんぐ,128K,128K,1,no,,,
688,ドラえもん ギガゾンビの逆襲,エポック社,EPO-E5,1990/9/14,RPG,6800,どらえもん ぎがぞんびのぎゃくしゅう,256K,0K,1,yes,,,
689,リトルマジック,データイースト,DFC-LG,1990/9/14,SLG,6300,りとるまじっく,128K,128K,4,yes,,,
690,爆笑！スターものまね四天王,パックインビデオ,PAC-8M,1990/9/14,TAB,6200,ばくしょう！すたーものまねしてんのう,128K,0K,1,no,,,
691,維新の嵐,光栄,KOE-XK,1990/9/15,SLG,11800,いしんのあらし,256K,128K,5,yes,,,
692,インセクターX,タイトー,TFC-IS-5900,1990/9/21,ACT,5900,いんせくたーX,128K,128K,33,no,33,,
693,田村光昭 麻雀ゼミナール,ポニーキャニオン,R58V5931(PNF-ZR),1990/9/21,TAB,5800,たむらてるあき まーじゃんぜみなーる,128K,0K,1,yes,,,
694,ノースアンドサウス わくわく南北戦争,ケムコ,KSC-N5,1990/9/28,SLG,6200,のーすあんどさうす わくわくなんぼくせんそう,128K,128K,4,no,,,
695,マジックジョン,ジャレコ,JF-30,1990/9/28,ACT,5600,まじっくじょん,128K,128K,18,no,,,
696,ロックマン3 Dr．ワイリーの最期！？,カプコン,CAP-XU,1990/9/28,ACT,6500,ろっくまん3 Dr．わいりーのさいご！？,256K,128K,4,no,,,
697,探偵 神宮寺三郎 時の過ぎゆくままに・・・,データイースト,DFC-J4,1990/9/28,ADV,4900,たんてい じんぐうじさぶろう ときのすぎゆくままに・・・,128K,0K,2,no,,,
698,ガンナック,トンキンハウス,TKS-XG,1990/10/5,SHT,6000,がんなっく,128K,128K,4,no,,,
699,ダウンタウン熱血行進曲 それゆけ大運動会,テクノスジャパン,TJC-UH,1990/10/12,SPT,6200,だうんたうんねっけつこうしんきょく それゆけだいうんどうかい,128K,128K,4,no,,,
700,ブラッディウァリアーズ シャンゴーの逆襲,東映動画,TDF-94,1990/10/19,RPG,6200,ぶらっでぃうぁりあーず しゃんごーのぎゃくしゅう,256K,0K,1,yes,,,
701,まじゃべんちゃー 麻雀戦記,徳間書店,GTS-VZ,1990/10/19,TAB,5800,まじゃべんちゃー まーじゃんせんき,128K,128K,1,no,,,
702,悪魔城すぺしゃる ぼくドラキュラくん,コナミ,RC847,1990/10/19,ACT,5800,あくまじょうすぺしゃる ぼくどらきゅらくん,128K,128K,23,no,,,
703,シャッフルパックカフェ,ポニーキャニオン,R62V10002(PHF-XP),1990/10/21,SPT,6200,しゃっふるぱっくかふぇ,128K,0K,2,no,,,
704,おえかキッズ アンパンマンとおえかきしよう,バンダイ,?,1990/10/25,ETC,13800,おえかきっず あんぱんまんとおえかきしよう,128K,0K,96,no,,,要[おえか]
705,アストロファング,A-WAVE,WAV-E1-01,1990/10/26,RAC,6700,あすとろふぁんぐ,128K,128K,4,no,,,
706,なんてったって！！ベースボール,サンソフト,?,1990/10/26,SPT,5900,なんてったって！！べーすぼーる,128K,128K,68,yes,,,
707,水島新司の大甲子園,カプコン,STE-VC,1990/10/26,SLG,6500,みずしましんじのだいこうしえん,256K,0K,1,no,,,
708,ドラゴンボールZ 強襲！サイヤ人,バンダイ,?,1990/10/27,RPG,7800,どらごんぼーるZ きょうしゅう！さいやじん,256K,256K,16,yes,,,
709,パチ夫くん3 帰ってきたパチ夫くん,ココナッツジャパン,CDS-P3,1990/10/27,TAB,7980,ぱちおっとくん3 かえってきたぱちおっとくん,256K,128K,4,no,,,
710,クロスファイヤー,九娯貿易,KYG-C9,1990/11/2,ACT,6200,くろすふぁいやー,128K,128K,4,no,,B,
711,三國志Ⅱ,光栄,KOE-XL,1990/11/2,SLG,11800,さんごくしⅡ,256K,256K,5,yes,,,
712,京都財テク殺人事件 （山村美紗サスペンスシリーズ）,ヘクト,HCT-QZ/008,1990/11/2,ADV,8500,きょうとざいてくさつじんじけん （やまむらみささすぺんすしりーず）,128K,128K,4,yes,,,
713,ラストハルマゲドン,ユタカ,SHI-LT,1990/11/10,ADV,9800,らすとはるまげどん,512K,0K,4,yes,,,
714,サンリオカーニバル,キャラクターソフト,CTS-ZV,1990/11/22,PZL,3980,さんりおかーにばる,32K,32K,3,no,,,
715,ふしぎなブロビー－ブロバニアの危機－,ジャレコ,DCE-OV,1990/11/29,ACT,5900,ふしぎなぶろびー－ぶろばにあのきき－,128K,128K,1,no,,,
716,テクモボウル,テクモ,TCF-TW,1990/11/30,SPT,6900,てくもぼうる,128K,128K,1,no,12,,
717,パロディウスだ！,コナミ,RC849,1990/11/30,SHT,5800,ぱろでぃうすだ！,128K,128K,23,no,,,
718,迷宮の達人 大迷路,エポック社,EPO-E7,1990/11/30,ACT,5800,めいきゅうのたつじん だいめいろ,128K,128K,1,no,,,
719,ティーンエージ ミュータント ニンジャ タートルズ,コナミ,RC853,1990/12/7,ACT,7000,てぃーんえーじ みゅーたんと にんじゃ たーとるず,256K,256K,25,no,,,
720,ぎゅわんぶらあ自己中心派2,アスミック,ASM-2J,1990/12/7,TAB,6500,ぎゅわんぶらあじこちゅうしんは2,256K,0K,1,no,,,
721,タイムズオブロア ～失われたメダリオン,東宝,THF-U7,1990/12/7,RPG,5300,たいむずおぶろあ ～うしなわれためだりおん,128K,0K,2,no,,,
722,テクモワールドカップサッカー,テクモ,TCF-WC,1990/12/7,SPT,5800,てくもわーるどかっぷさっかー,64K,64K,4,no,,,
723,パジャマヒーロー NEMO,カプコン,CAP-EZ,1990/12/7,ACT,6200,ぱじゃまひーろー NEMO,128K,128K,4,no,,,
724,グレートボクシング RUSH UP（ラッシュアップ),ビスコ,VIS-5E,1990/12/7,SPT,6800,ぐれーとぼくしんぐ RUSH UP（らっしゅあっぷ),128K,128K,4,no,,,
725,西遊記ワールドⅡ 天上界の魔神,ジャレコ,JF-31,1990/12/7,ACT,5600,さいゆうきわーるどⅡ てんじょうかいのまじん,128K,128K,18,no,,,
726,千代の富士の大銀杏,フェイス,FAC-EJ,1990/12/7,ACT,5800,ちよのふじのおおいちょう,128K,128K,4,no,,,
727,ワギャンランド2,ナムコ,-,1990/12/8,ACT,5800,わぎゃんらんど2,256K,128K,19,no,,,
728,ファミコントップマネジメント,光栄,KOE-XQ,1990/12/12,SLG,9800,ふぁみこんとっぷまねじめんと,256K,0K,1,yes,,,
729,ベストプレープロ野球’90,アスキー,HSP-36,1990/12/13,SLG,6800,べすとぷれーぷろやきゅう’90,256K,0K,1,yes,,,
730,KLAX(クラックス),ハドソン,HFC-V6,1990/12/14,PZL,5800,くらっくす,64K,64K,4,no,,,
731,グレムリン2－新種誕生－,サンソフト,?,1990/12/14,ACT,6500,ぐれむりん2－しんしゅたんじょう－,128K,256K,69,no,,,
732,龍牙 忍者クルセイダーズ,サミー工業,SAC-N4,1990/12/14,ACT,5500,りゅうきば にんじゃくるせいだーず,128K,0K,4,no,,,
733,まじかるキッズどろぴー,ビック東海,VIC-VF,1990/12/14,ACT,6000,まじかるきっずどろぴー,128K,128K,4,no,,A,
734,メタルフレーム サイバスター,ジャレコ,DEC-OM,1990/12/14,ACT,5900,めたるふれーむ さいばすたー,128K,128K,1,no,,,
735,必殺仕事人 のさばる悪のある限り、仕事人の血が騒ぐ,バンプレスト,BAP-X7,1990/12/14,ADV,7600,ひっさつしごとにん のさばるあくのあるかぎり、しごとにんのちがさわぐ,256K,128K,4,yes,,,
736,暴れん坊天狗,メルダック,MDC-51,1990/12/14,ACT,6500,あばれんぼうてんぐ,128K,128K,4,no,,A,
737,ジャンピンキッド ジャックと豆の木ものがたり,アスミック,ASM-J9,1990/12/19,ACT,5800,じゃんぴんきっど じゃっくとまめのきものがたり,128K,128K,4,no,,,
738,パーマン,アイレム,IF-20,1990/12/19,ACT,5500,ぱーまん,128K,128K,32,no,20,,
739,バトルスタジアム 選抜プロ野球,アイジーエス,IGS-X8,1990/12/20,SPT,6800,ばとるすたじあむ せんばつぷろやきゅう,128K,128K,1,yes,,,
740,メカ生命体ゾイド 黙示録,トミー,TOM-ZF,1990/12/21,SLG,6700,めかせいめいたいぞいど もくしろく,128K,128K,4,no,,,
741,剣の達人 ソードマスター,アテナ,ATH-ZU,1990/12/21,ACT,5900,つるぎのたつじん そーどますたー,128K,128K,4,no,,B,
742,バーズテイル 知られざる物語,ポニーキャニオン,R68V5935(PNF-ET),1990/12/21,RPG,6800,ばーずている しられざるものがたり,256K,0K,1,yes,,,
743,ファミスタ’91,ナムコ,-,1990/12/21,SPT,4900,ふぁみすた’91,128K,128K,19,no,,,
744,大怪獣デブラス,データイースト,DFC-24,1990/12/21,SLG,6500,だいかいじゅうでぶらす,128K,256K,4,yes,,,
745,地獄極楽丸,パックインビデオ,PAC-92,1990/12/21,ACT,6200,じごくごくらくまる,128K,128K,4,no,,,
746,SDガンダム ガチャポン戦士3 英雄戦記,バンダイ,SHI-3G,1990/12/22,SLG,6800,えすでぃーがんだむがちゃぽんせんし3,128K,128K,4,yes,,,
747,ムサシの冒険,シグマ商事,SEI-IC,1990/12/22,ACT,6500,むさしのぼうけん,128K,128K,1,yes,,,
748,NEW ゴーストバスターズ2,HAL研究所,HAL-QD,1990/12/26,ACT,5900,ごーすとばすたーず2,128K,128K,1,no,,,
749,アドベンチャーズ オブ ロロⅡ,HAL研究所,HAL-QL,1990/12/26,PZL,5900,あどべんちゃーず おぶ ろろⅡ,128K,128K,1,no,,,
750,爆笑！愛の劇場,ココナッツジャパン,CDS-IA,1990/12/29,TAB,7300,ばくしょう！あいのげきじょう,128K,128K,4,no,,,
751,じゅうべえくえすと,ナムコ,-,1991/1/4,RPG,7800,じゅうべえくえすと,256K,256K,19,yes,,,
752,ワイワイワールド2 SOS！パセリ城,コナミ,RC850,1991/1/5,ACT,6500,わいわいわーるど2 SOS！ぱせりじょう,256K,128K,21,no,,,
753,ジャッキーチェン,ハドソン,HFC-V5,1991/1/25,ACT,5800,じゃっきーちぇん,128K,128K,4,no,,,
754,ドラドラドラ 幸運を呼ぶゲーム,ナツメ,NAT-3R,1991/1/25,TAB,5800,どらどらどら こううんをよぶげーむ,128K,128K,1,no,,,
755,夢ペンギン物語,コナミ,KDS-U8,1991/1/25,ACT,5800,ゆめぺんぎんものがたり,128K,128K,4,no,,,
756,ペーパーボーイ,アルトロン,ALT-7B,1991/1/30,ACT,5500,ぺーぱーぼーい,32K,32K,3,no,,,
757,ゴルフグランドスラム,ヘクト,HCT-7G/009,1991/1/31,SPT,9700,ごるふぐらんどすらむ,128K,128K,1,no,,,
758,ダークロード,データイースト,DFC-25,1991/2/8,RPG,6800,だーくろーど,256K,128K,4,no,,,
759,チャンピオンシップボーリング,アテナ,ATH-86,1991/2/8,SPT,4900,ちゃんぴおんしっぷぼーりんぐ,32K,32K,3,no,,,
760,赤川次郎の幽霊列車,キングレコード,KIN-YU(KIN-3),1991/2/8,ADV,6800,あかがわじろうのゆうれいれっしゃ,256K,0K,1,yes,,,
761,パラソルヘンべえ おとぎの国は大さわぎ！,エポック社,EPO-E6,1991/2/15,ACT,6500,ぱらそるへんべえ おとぎのくにはおおさわぎ！,128K,128K,4,no,,,
762,ファミコン将棋 竜王戦,アイマックス,IMX-1R,1991/2/15,TAB,6500,ふぁみこんしょうぎ りゅうおうせん,128K,128K,1,yes,,,
763,マックスウォーリアー～惑星戒厳令～,バップ,VAP-ZN(95071),1991/2/15,SHT,5800,まっくすうぉーりあー～わくせいかいげんれい～,128K,128K,4,no,,B,
764,ミニパット,A-WAVE,WAV-Q6-11,1991/2/15,SPT,6700,みにぱっと,128K,128K,1,no,,,
765,井出洋介名人の実践麻雀Ⅱ,カプコン,CAP-2Q,1991/2/22,TAB,8500,いでようすけめいじんのじっせんまーじゃんⅡ,256K,0K,1,no,,,対[麻雀]
766,双截龍Ⅲ The Rosetta Stone,テクノスジャパン,TJC-ZW,1991/2/22,ACT,6200,ふたきりゅうⅢ The Rosetta Stone,128K,128K,4,no,,,
767,虹のシルクロード ～ジグザグ冒険記～,ビクター音楽産業,VFR-L1-07,1991/2/22,RPG,7500,にじのしるくろーど ～じぐざぐぼうけんき～,256K,128K,4,yes,,,
768,グランドマスター,バリエ,VRE-IE,1991/2/26,ACT,6500,ぐらんどますたー,256K,128K,1,no,,,
769,なんてったってベースボール 子ガメカセットOBオールスター編,サンソフト,?,1991/2/28,SPT,2280,なんてったってべーすぼーる こがめかせっとOBおーるすたーへん,,,,no,,,
770,スーパーチャイニーズ3,カルチャーブレーン,CBF-3C,1991/3/1,RPG,6300,すーぱーちゃいにーず3,128K,128K,1,yes,,,
771,究極ハリキリスタジアムⅢ,タイトー,TFC-KHⅢ 6900,1991/3/1,SPT,6900,きゅうきょくはりきりすたじあむⅢ,128K,256K,82,yes,34,,
772,Advanced Dungeon&Dragons ヒーローオブランス,ポニーキャニオン,R59V5929(PNF-LQ),1991/3/8,RPG,6800,ひーろーおぶらんす,128K,128K,1,yes,,,
773,ナムコット麻雀Ⅲ マージャン天国,ナムコ,-,1991/3/8,TAB,4900,なむこっとまーじゃんⅢ まーじゃんてんごく,128K,128K,88,no,,,
774,ガンサイト,コナミ,KDS-8G,1991/3/15,SHT,6000,がんさいと,128K,128K,5,no,,,
775,ふしぎの海のナディア,東宝,THF-FD,1991/3/15,SLG,6500,ふしぎのうみのなでぃあ,128K,128K,4,yes,,,
776,大航海時代,光栄,?,1991/3/15,SLG,11800,だいこうかいじだい,512K,128K,5,yes,,,
777,Advanced Dungeon&Dragons ヒルズファー,ポニーキャニオン,R78V5936(PNF-OO),1991/3/21,RPG,7800,ひるずふぁー,256K,0K,1,yes,,,
778,いただきストリート 私のお店によってって,アスキー,HSP-35,1991/3/21,ETC,6800,いただきすとりーと わたしのおみせによってって,128K,128K,1,yes,,,
779,シャドウブレイン,ポニーキャニオン,R98V5934(PNF-??),1991/3/21,RPG,9800,しゃどうぶれいん,128K,256K,4,yes,,,
780,まじかる☆タルるートくん FANTASTIC WORLD(ファンタスティックワールド),バンダイ,?,1991/3/21,ACT,5800,まじかる☆たるるーとくん FANTASTIC WORLD(ふぁんたすてぃっくわーるど),128K,128K,16,yes,,,
781,爆笑！！人生劇場2,タイトー,TFC-BJ2-5900,1991/3/22,TAB,5900,ばくしょう！！じんせいげきじょう2,128K,256K,33,no,35,,
782,おえかキッズ アンパンマンのひらがなだいすき,バンダイ,?,1991/3/26,ETC,6800,おえかきっず あんぱんまんのひらがなだいすき,128K,0K,96,no,,,要[おえか]
783,けろけろけろっぴの大冒険,キャラクターソフト,CTS-ZI,1991/3/29,ACT,3980,けろけろけろっぴのだいぼうけん,32K,32K,3,no,,,
784,忍者じゃじゃ丸 銀河大作戦,ジャレコ,JF-32,1991/3/29,ACT,5800,にんじゃじゃじゃまる ぎんがだいさくせん,128K,128K,18,no,,,
785,北斗の拳4 七星覇拳伝 北斗神拳の彼方へ,東映動画,TDF-97,1991/3/29,RPG,6500,ほくとのけん4 しちせいはけんでん ほくとしんけんのかなたへ,256K,0K,1,yes,,,
786,ロボコップ2,データイースト,DFC-2C,1991/4/2,ACT,6500,ろぼこっぷ2,128K,128K,1,no,,,
787,ニューヨーク ニャンキーズ,アトラス,ATL-7A,1991/4/5,ACT,6200,にゅーよーく にゃんきーず,128K,128K,4,no,,,
788,おぼっちゃまくん,テクモ,TCF-3Q,1991/4/5,ETC,6500,おぼっちゃまくん,128K,128K,1,yes,14,,
789,天地を喰らうⅡ 諸葛孔明伝,カプコン,CAP-2V,1991/4/5,RPG,8500,てんちをくらうⅡ しょかつらこうめいでん,512K,0K,4,yes,,,
790,ゴルビーのパイプライン大作戦,徳間書店,GTS-4G,1991/4/12,PZL,4900,ごるびーのぱいぷらいんだいさくせん,32K,32K,3,no,,,
791,ツインイーグル,ビスコ,VIS-2E,1991/4/12,SHT,5800,ついんいーぐる,128K,0K,2,no,,B,
792,ファミリーブロック,アテナ,ATH-4H,1991/4/21,ACT,5500,ふぁみりーぶろっく,128K,32K,66,no,,,
793,麻雀倶楽部永田町－総裁戦－,ヘクト,HCT-N7/010,1991/4/25,TAB,9700,まーじゃんくらぶながたちょう－そうさいせん－,512K,0K,4,no,,,
794,ガンデック （GUN－DEC）,サミー工業,SAC-9G,1991/4/26,ACT,6000,がんでっく （GUN－DEC）,128K,128K,4,no,,B,
795,オーバーホライゾン,ホットビィ,GAM-Z6(09),1991/4/26,SHT,6800,おーばーほらいぞん,128K,128K,4,no,,A,
796,タイトーバスケットボール,タイトー,OTF-UJ,1991/4/26,SPT,5900,たいとーばすけっとぼーる,128K,128K,4,no,36,,
797,マジックダーツ,セタ,KKS-4R,1991/4/26,TAB,7700,まじっくだーつ,128K,128K,1,no,,,
798,ラグランジュポイント,コナミ,RC851,1991/4/26,RPG,8500,らぐらんじゅぽいんと,512K,0K,85,yes,,,
799,高橋名人の冒険島Ⅱ,ハドソン,HFC-V7,1991/4/26,ACT,5800,たかはしめいじんのぼうけんじまⅡ,128K,128K,4,no,,,
800,紫禁城,東映動画,TDF-98,1991/4/26,PZL,5300,しきんじょう,128K,0K,1,no,,,
801,ココロン,タケル,TKR-8C,1991/5/3,ACT,6500,こころん,256K,0K,1,yes,,,
802,パラメデスⅡ,ホットビィ,GAM-Z5-08,1991/5/17,PZL,5500,ぱらめですⅡ,32K,32K,1,no,,,
803,ファジカルファイター,シグマ商事,SEI-1E,1991/5/17,SHT,6200,ふぁじかるふぁいたー,128K,128K,4,no,,,
804,ランペルール,光栄,KOE-QV,1991/5/23,SLG,11800,らんぺるーる,256K,128K,5,yes,,,
805,テトラスター,タイトー,DTF-YE,1991/5/24,SHT,7400,てとらすたー,256K,256K,4,no,37,,
806,メタルマックス,データイースト,DFC-26,1991/5/24,RPG,7800,めたるまっくす,256K,256K,4,yes,,,
807,エジプト,ヒューマン,HUM-E9,1991/5/31,PZL,3800,えじぷと,32K,32K,3,no,,,
808,なんてったってベースボール 子ガメカセット’91開幕編,サンソフト,?,1991/5/31,SPT,2280,なんてったってべーすぼーる こがめかせっと’91かいまくへん,,,,no,,,
809,忍者龍剣伝Ⅲ ～黄泉の方舟～,テクモ,TCF-3N,1991/6/21,ACT,6200,にんじゃりゅうけんでんⅢ ～よみのはこぶね～,128K,128K,4,no,15,,
810,飛龍の拳スペシャル ファイティングウォーズ,カルチャーブレーン,CBF-4N,1991/6/21,ACT,6300,ひりゅうのこぶしすぺしゃる ふぁいてぃんぐうぉーず,128K,128K,1,no,,,
811,Advanced Dungeon&Dragons プールオブレイディアンス,ポニーキャニオン,R98V5938(PNF-QA),1991/6/28,RPG,9800,ぷーるおぶれいでぃあんす,512K,128K,4,no,,,
812,すごろクエスト ダイスの戦士たち,テクノスジャパン,TJC-Q7,1991/6/28,ETC,6500,すごろくえすと だいすのせんしたち,128K,128K,4,yes,,,
813,つっぱりウォーズ,サミー工業,SAC-7W,1991/6/28,ACT,6800,つっぱりうぉーず,128K,128K,1,yes,,,
814,ボンバーマンⅡ,ハドソン,HFC-2X,1991/6/28,ACT,5800,ぼんばーまんⅡ,128K,0K,1,no,,,
815,超人狼戦記ウォーウルフ,タカラ,TFC-W8,1991/6/28,ACT,6500,ちょうじんおおかみせんきうぉーうるふ,128K,128K,4,no,,,
816,新4人打ちマージャン 役満天国,任天堂,HVC-YT,1991/6/28,TAB,6300,しん4にんうちまーじゃん やくまんてんごく,256K,128K,5,no,,,
817,ベースボールファイター,バップ,VAP-V9(9509),1991/7/5,SPT,7800,べーすぼーるふぁいたー,256K,128K,4,no,,,
818,囲碁指南’91,ヘクト,HCT-9A/011,1991/7/5,TAB,6800,いごしなん’91,128K,32K,1,no,,,
819,JuJu伝説,タイトー,DTF-5J,1991/7/19,ACT,6800,じゅじゅでんせつ,128K,256K,4,no,38,,
820,キャッ党忍伝てやんでえ,テクモ,TCF-Y8,1991/7/19,ACT,6500,きゃっとうにんでんてやんでえ,128K,128K,4,no,,,
821,ダイハード,パックインビデオ,PAC-57,1991/7/19,ACT,6500,だいはーど,128K,128K,1,no,,,
822,パズニック,アイジーエス,IGS-??,1991/7/19,PZL,4900,ぱずにっく,32K,32K,3,no,,,
823,パチンコ大作戦1,ココナッツジャパン,CDS-81,1991/7/19,TAB,5900,ぱちんこだいさくせん1,128K,128K,1,yes,,,対[パチンコ]
824,ファミリーサーキット’91,ナムコ,-,1991/7/19,RAC,7800,ふぁみりーさーきっと’91,512K,128K,19,yes,,,
825,リトルマーメイド －人魚姫－,カプコン,CAP-3U,1991/7/19,ACT,5800,りとるまーめいど －にんぎょひめ－,128K,0K,2,no,,,
826,ダウンタウンスペシャル くにおくんの時代劇だよ全員集合！,テクノスジャパン,TJC-J6,1991/7/26,ACT,6500,だうんたうんすぺしゃる くにおくんのじだいげきだよぜんいんしゅうごう！,128K,128K,4,yes,,,
827,おたくの星座,M＆M,MAM-OQ,1991/7/31,RPG,6900,おたくのせいざ,256K,128K,4,yes,,,
828,SD刑事ブレイダー,タイトー,TFC-SKB-6400,1991/8/2,ACT,6400,えすでぃーけいじぶれいだー,128K,128K,82,yes,39,,
829,ロボッ子ウォーズ,アイジーエス,IGS-X9,1991/8/2,SHT,6900,ろぼっごうぉーず,256K,128K,4,no,,,
830,スーパースプリント,アルトロン,ALT-7C,1991/8/3,RAC,6500,すーぱーすぷりんと,64K,64K,4,no,,,
831,マイライフマイラブ ぼくの夢わたしの願い,バンプレスト,BAP-63,1991/8/3,ETC,9600,まいらいふまいらぶ ぼくのゆめわたしのねがい,256K,256K,4,yes,,,
832,アルマジロ,アイジーエス,IGS-9T,1991/8/9,ACT,6900,あるまじろ,256K,128K,118,no,,,
833,DE BLOCK(デブロック),アテナ,ATH-??,1991/8/9,PZL,4980,でぶろっく,32K,32K,3,no,,,
834,ドキ！ドキ！遊園地～クレイジーランド大作戦～,バップ,VAP-VO(9510),1991/8/9,ACT,5800,どき！どき！ゆうえんち～くれいじーらんどだいさくせん～,128K,128K,4,no,,,
835,ドラゴンウォーズ,ケムコ,KSC-Z9,1991/8/9,RPG,6800,どらごんうぉーず,256K,128K,4,yes,,,
836,百の世界の物語,アスク講談社,ASK-71,1991/8/9,RPG,6200,のせかいのものがたり,128K,128K,1,no,,B,
837,ドラゴンボールZⅡ 激神フリーザ！！,バンダイ,?,1991/8/10,RPG,8200,どらごんぼーるZⅡ げきかみふりーざ！！,256K,256K,16,yes,,,
838,A列車で行こう,ポニーキャニオン,R78V10005(???-??),1991/8/21,SLG,7800,えーれっしゃ,128K,16K,1,yes,,,
839,クライシスフォース,コナミ,RC856,1991/8/27,SHT,6000,くらいしすふぉーす,128K,128K,23,no,,B,
840,ロイヤルブラッド,光栄,?,1991/8/29,SLG,9800,ろいやるぶらっど,256K,256K,5,yes,,,
841,メタルスレイダーグローリー,HAL研究所,HAL-4J,1991/8/30,ADV,8900,めたるすれいだーぐろーりー,512K,512K,5,no,,A,
842,快傑ヤンチャ丸2 からくりランド,アイレム,IF-22,1991/8/30,ACT,5800,かいけつやんちゃまる2 からくりらんど,128K,128K,32,no,22,,
843,ウエスタンキッズ,ビスコ,VIS-5K,1991/9/13,ACT,7800,うえすたんきっず,256K,256K,4,no,,,
844,ゲームデザイナー養成ソフト 絵描衛門(でざえもん）,アテナ,ATH-87,1991/9/13,ETC,9800,げーむでざいなーようせいそふと えかきえもん(でざえもん）,128K,0K,1,no,,,
845,ドラゴンズレア,エピックソニー,ESF-IP/ESPG38,1991/9/20,ACT,5900,どらごんずれあ,128K,128K,4,no,,A,
846,へべれけ,サンソフト,?,1991/9/20,ACT,6200,へべれけ,128K,128K,69,no,,B,
847,マリオオープンゴルフ,任天堂,HVC-UG,1991/9/20,SPT,5825,まりおおーぷんごるふ,256K,0K,1,yes,,,
848,イースⅢ ワンダラーズフロムイース,ビクター音楽産業,VFR-??-12,1991/9/27,RPG,7500,いーすⅢ わんだらーずふろむいーす,256K,128K,118,no,,,
849,スパルタンX2,アイレム,IF-23,1991/9/27,ACT,5500,すぱるたんX2,128K,128K,65,no,23,B,
850,バトルフォーミュラ,サンソフト,?,1991/9/27,ACT,6200,ばとるふぉーみゅら,128K,128K,4,no,,S,
851,中嶋悟監修F－1ヒーロー2,バリエ,VAR-4E,1991/9/27,RAC,5900,なかじまさとるかんしゅうF－1ひーろー2,128K,128K,4,no,,,
852,ちびまる子ちゃん うきうきショッピング,ナムコ,-,1991/10/4,ETC,5800,ちびまるこちゃん うきうきしょっぴんぐ,128K,128K,19,no,,,
853,からくり剣豪伝ムサシロード～からくり人疾走る～,ユタカ,SHI-98,1991/10/5,RPG,6800,からくりけんごうでんむさしろーど～からくりじんしっそうる～,128K,128K,4,yes,,,
854,SDガンダム外伝 ナイトガンダム物語2 光の騎士,バンダイ,?,1991/10/12,RPG,8200,えすでぃーがんだむ,256K,256K,16,yes,,,
855,カオスワールド,ナツメ,NAT-1W,1991/10/25,RPG,7000,かおすわーるど,256K,128K,1,yes,,,
856,たいむゾーン,シグマ商事,SEI-1G,1991/10/25,ACT,6200,たいむぞーん,128K,128K,4,no,,,
857,特救指令ソルブレイン,エンジェル,ANG-OM,1991/10/26,ACT,6000,とっきゅうしれいそるぶれいん,128K,128K,4,no,,,
858,グレートディール,ヘクト,HCT-79/012,1991/10/30,PZL,6800,ぐれーとでぃーる,128K,0K,1,no,,,
859,モノポリー,トミー,TOM-6B,1991/11/1,TAB,6800,ものぽりー,256K,0K,1,no,,,
860,スターウォーズ(ビクター製),ビクター音楽産業,VFR-7V,1991/11/15,ACT,6700,すたーうぉーず(びくたーせい),128K,128K,4,no,,B,
861,ラディア戦記 黎明篇,テクモ,TCF-8R,1991/11/15,RPG,6900,らでぃあせんき れいめいへん,256K,128K,4,yes,17,,
862,少年アシベ ネパール大冒険の巻,タカラ,TFC-8A,1991/11/15,ADV,6980,しょうねんあしべ ねぱーるだいぼうけんのまき,128K,128K,4,yes,,,
863,大工の源さん,アイレム,IF-24,1991/11/15,ACT,6500,だいくのげんさん,128K,128K,4,no,24,,
864,地底戦空バゾルダー,ソフエル,SFL-3V,1991/11/15,SHT,6300,ちていせんぞらばぞるだー,128K,128K,4,no,,B,
865,パチ夫くん4,ココナッツジャパン,CDS-84,1991/11/22,TAB,8800,ぱちおっとくん4,512K,0K,4,yes,,,対[パチンコ]
866,みんなのたあ坊のなかよし大作戦,キャラクターソフト,CTS-9N,1991/11/22,PZL,3980,みんなのたあぼうのなかよしだいさくせん,32K,32K,3,no,,,
867,燃えプロ！最強編,ジャレコ,JF-33,1991/11/22,SPT,6700,もえぷろ！さいきょうへん,256K,128K,18,no,,,
868,アメリカ横断ウルトラクイズ 史上最大の戦い,トミー,TOM-1U,1991/11/29,TAB,7800,あめりかおうだんうるとらくいず しじょうさいだいのたたかい,512K,0K,4,no,,,
869,ファミコン囲碁入門,アイマックス,IMX-I7,1991/11/29,TAB,6500,ふぁみこんいごにゅうもん,128K,32K,1,no,,,
870,ランパート,コナミ,KDS-73,1991/11/29,SLG,5800,らんぱーと,128K,0K,2,no,,,
871,スノーブラザーズ,東亜プラン,TOA-7L,1991/12/6,ACT,6500,すのーぶらざーず,128K,128K,1,no,,A,
872,ロックマン4 新たなる野望！！,カプコン,CAP-4V,1991/12/6,ACT,7800,ろっくまん4 あらたなるやぼう！！,512K,0K,4,no,,,
873,平成天才バカボン,ナムコ,-,1991/12/6,ACT,5800,へいせいてんさいばかぼん,128K,128K,19,no,,,
874,ギミアぶれいく 史上最強のクイズ王決定戦,ヨネザワ,YZW-QY,1991/12/13,TAB,9800,ぎみあぶれいく しじょうさいきょうのくいずおうけっていせん,128K,0K,1,no,,,対[タップ]
875,つるピカハゲ丸 めざせ！つるセコの証,ジャレコ,JF-34,1991/12/13,ACT,6300,つるぴかはげまる めざせ！つるせこのあかし,128K,128K,18,no,,,
876,ティーンエージミュータントニンジャタートルズ2 ザ・マンハッタンプロジェクト,コナミ,RC863,1991/12/13,ACT,6900,てぃーんえーじみゅーたんとにんじゃたーとるず2 ざ・まんはったんぷろじぇくと,256K,256K,25,no,,,
877,テクモスーパーボウル,テクモ,TCF-4W,1991/12/13,SPT,7980,てくもすーぱーぼうる,256K,128K,4,yes,18,,
878,テトリス2＋ボンブリス,BPS,BPS-52,1991/12/13,PZL,6500,てとりす2＋ぼんぶりす,128K,0K,1,yes,,,
879,ヨッシーのたまご,任天堂,HVC-YO,1991/12/14,PZL,4757,よっしーのたまご,128K,32K,1,no,,,
880,アスミッくんランド,アスミック,ASM-YI,1991/12/20,ACT,6300,あすみっくんらんど,128K,128K,4,no,,,
881,アンタッチャブル,アルトロン,ALT-U6,1991/12/20,ETC,6800,あんたっちゃぶる,128K,128K,1,no,,,
882,ダイナマイトバットマン,サンソフト,?,1991/12/20,ACT,6500,だいなまいとばっとまん,128K,256K,69,no,,,
883,タイニートゥーンアドベンチャーズ,コナミ,RC860,1991/12/20,ACT,4900,たいにーとぅーんあどべんちゃーず,128K,128K,23,no,,,
884,パーマンPART2 秘密結社マドー団をたおせ！,アイレム,IF-25,1991/12/20,ACT,5500,ぱーまんPART2 ひみつけっしゃまどーだんをたおせ！,256K,128K,32,no,25,,
885,バトルトード,日本コンピュータシステム,NCS-8T,1991/12/20,ACT,6500,ばとるとーど,256K,0K,7,no,,A,
886,バナナン王子の大冒険,タカラ,TFC-OJ,1991/12/20,ACT,5900,ばななんおうじのだいぼうけん,128K,128K,4,no,,,
887,ファミスタ’92,ナムコ,-,1991/12/20,SPT,5000,ふぁみすた’92,128K,128K,19,no,,,
888,ベスト競馬ダービースタリオン,アスキー,HSP-46,1991/12/20,SLG,6800,べすとけいばだーびーすたりおん,128K,128K,1,yes,,,
889,モンスターメーカー 7つの秘宝,ソフエル,SFL-7N,1991/12/20,RPG,6800,もんすたーめーかー 7つのひほう,256K,0K,1,yes,,,
890,東京パチスロアドベンチャー,ココナッツジャパン,CDS-83,1991/12/20,TAB,6800,とうきょうぱちすろあどべんちゃー,128K,128K,1,no,,,
891,爆笑！！人生劇場3,タイトー,TFC-BJⅢ-6400,1991/12/20,TAB,6400,ばくしょう！！じんせいげきじょう3,256K,256K,33,no,40,,
892,SDガンダム ガチャポン戦士4 ニュータイプストーリー,ユタカ,SHI-45,1991/12/21,SLG,8500,えすでぃーがんだむがちゃぽんせんし4,256K,256K,4,yes,,,
893,信長の野望 武将風雲録,光栄,KOE-IZ,1991/12/21,SLG,11800,のぶながのやぼう ぶしょうふううんろく,512K,256K,5,yes,,,
894,鳥人戦隊ジェットマン,エンジェル,ANG-OY,1991/12/21,ACT,6000,ちょうじんせんたいじぇっとまん,128K,128K,1,no,,,
895,チキチキマシン猛レース,アトラス,ATL-51,1991/12/25,ACT,6800,ちきちきましんたけしれーす,128K,128K,4,no,,,
896,バトルストーム,ヨネザワ,YZW-9Y,1991/12/26,SLG,5800,ばとるすとーむ,128K,128K,1,no,,,
897,ブルーマリーン,ホットビィ,GAM-??,1991/12/27,ETC,6300,ぶるーまりーん,128K,128K,4,no,,,
898,ハドソンホーク,エピックソニー,ESF-Y4/ESPG40,1991/12/27,ACT,5900,はどそんほーく,128K,128K,1,no,,,
899,ウルトラマン倶楽部3 またまた出撃！！ウルトラ兄弟,ユタカ,SHI-31,1991/12/29,RPG,7800,うるとらまんくらぶ3 またまたしゅつげき！！うるとらきょうだい,256K,128K,4,yes,,,
900,ファミコンジャンプⅡ 最強の7人,バンダイ,?,1991/12/29,RPG,8500,ふぁみこんじゃんぷⅡ さいきょうの7にん,512K,0K,16,yes,22,,
901,第2次スーパーロボット大戦,バンプレスト,BAP-N9,1991/12/29,RPG,8200,だい2じすーぱーろぼっとたいせん,256K,256K,4,yes,,,
902,がんばれゴエモン外伝2 天下の財宝,コナミ,RC857,1992/1/3,RPG,6980,がんばれごえもんがいでん2 てんかのざいほう,256K,256K,21,yes,,,
903,ピザポップ,ジャレコ,JF-35,1992/1/7,ACT,6300,ぴざぽっぷ,128K,128K,18,no,,,
904,太陽の勇者ファイバード,アイレム,IF-26(TIX-60),1992/1/11,SHT,6800,たいようのゆうしゃふぁいばーど,128K,128K,4,no,26,,
905,ソロモンの鍵2 クールミン島救出作戦,テクモ,TCF-SZ,1992/1/24,PZL,6200,そろもんのかぎ2 くーるみんじまきゅうしゅつさくせん,128K,128K,4,yes,,,
906,ビジネス ウォーズ 最強の企業戦略M＆A,ヘクト,HCT-78/013,1992/1/24,SLG,9700,びじねす うぉーず さいきょうのきぎょうせんりゃくM＆A,256K,0K,4,yes,,,
907,バーズテイルⅡ THE DISTINY KNIGHT,ポニーキャニオン,R70V5940(PNF-??),1992/1/25,RPG,7000,ばーずているⅡ THE DISTINY KNIGHT,256K,0K,1,yes,,,
908,将棋名鑑’92,ヘクト,HCT-I9/014,1992/1/30,TAB,6800,しょうぎめいかん’92,256K,0K,4,no,,,
909,ギミック,サンソフト,?,1992/1/31,ACT,6200,ぎみっく,256K,128K,69,no,,S,
910,ドンドコドン2,タイトー,TFC-DOⅡ-5900,1992/1/31,ACT,5900,どんどこどん2,128K,256K,33,no,41,,
911,バッキー オヘア,コナミ,KDS-1V,1992/1/31,ACT,5800,ばっきー おへあ,128K,128K,4,no,,B,
912,F－1サーカス,日本物産,NBF-7F,1992/2/7,RAC,6600,えふわんさーかす,256K,128K,4,yes,11,,
913,いけいけ熱血ホッケー部 「すべってころんで大乱闘」,テクノスジャパン,TJC-I3,1992/2/7,SPT,6200,いけいけねっけつほっけーぶ 「すべってころんでだいらんとう」,128K,128K,4,no,,,
914,ネイビーブルー,アイマックス,IMX-NB,1992/2/14,ETC,5900,ねいびーぶるー,128K,0K,1,no,,,
915,Advanced Dungeon&Dragons ドラゴンオブフレイム,ポニーキャニオン,R68V5941(PNF-OF),1992/2/21,RPG,6800,どらごん,128K,128K,1,no,,,
916,パズロット,サミー工業,SAC-1P,1992/2/28,PZL,5600,ぱずろっと,128K,128K,1,no,,,
917,マジックキャンドル,サミー工業,SAC-1Q,1992/3/6,RPG,7800,まじっくきゃんどる,256K,128K,4,yes,,B,
918,伝染るんです。 かわうそ ハワイへ行く,タカラ,TFC-U9,1992/3/6,ACT,6800,でんせんるんです。 かわうそ はわいへいく,128K,128K,4,no,,,
919,囲碁指南’92,ヘクト,HCT-53/015,1992/3/10,TAB,6800,いごしなん’92,128K,32K,1,no,,,
920,ナムコクラシックⅡ,ナムコ,-,1992/3/13,SPT,5900,なむこくらしっくⅡ,256K,256K,19,no,,,
921,ファイアーエムブレム外伝,任天堂,HVC-2I,1992/3/14,SLG,6600,ふぁいあーえむぶれむがいでん,256K,128K,10,yes,,,
922,究極ハリキリ甲子園,タイトー,TFC-KHK-6900,1992/3/19,SPT,6900,きゅうきょくはりきりこうしえん,128K,256K,82,yes,42,,
923,SUPER桃太郎電鉄,ハドソン,HFC-3X,1992/3/20,ETC,5800,すーぱーももたろうでんてつ,256K,0K,1,yes,,,
924,それいけ！アンパンマン みんなでハイキングゲーム！,エンジェル,BAN-OZ,1992/3/20,ETC,6000,それいけ！あんぱんまん みんなではいきんぐげーむ！,128K,128K,4,no,,,
925,HOOK,エピックソニー,ESF-7Q/ESPG43,1992/3/27,ACT,5900,ふっく,128K,128K,1,no,,,
926,WWFレッスルマニアチャレンジ,ホットビィ,GAM-W9,1992/3/27,ACT,5300,だぶるだぶるえふれっするまにあ,128K,0K,2,no,,,
927,ハローキティワールド,キャラクターソフト,CTS-HW,1992/3/27,ACT,4800,はろーきてぃわーるど,128K,0K,2,no,,,
928,プラズマボール,ジャレコ,JF-36,1992/3/27,ACT,6300,ぷらずまぼーる,128K,128K,18,no,,,
929,炎の闘球児ドッジ弾平,サンソフト,?,1992/3/28,SPT,6500,ほのおのとうきゅうじどっじだんだいら,128K,256K,69,no,,,
930,ひらけ！ポンキッキ,タカラ,TFC-PK,1992/4/17,ACT,4980,ひらけ！ぽんきっき,32k,32k,1,no,,,
931,舛添要一 朝までファミコン,ココナッツジャパン,CDS-I4,1992/4/17,ADV,7980,ますぞえよういち あさまでふぁみこん,512k,0K,4,no,,,
932,エキサイティングラリー,科研,VRE-E2,1992/4/24,RAC,5900,えきさいてぃんぐらりー,128K,128K,1,no,,,
933,わんぱくコックンのグルメワールド,タイトー,DTF-WR,1992/4/24,ACT,5900,わんぱくこっくんのぐるめわーるど,128K,128K,4,no,43,B,
934,重力装甲メタルストーム,アイレム,IF-21(TIX-4M),1992/4/24,ACT,6500,じゅうりょくそうこうめたるすとーむ,128K,256K,4,no,21,A,
935,ひょっこりひょうたん島 なぞのかいぞくせん,ユタカ,SHI-HV,1992/4/25,ADV,6000,ひょっこりひょうたんじま なぞのかいぞくせん,128K,128K,1,no,,,
936,麻雀大戦,日本物産,NBF-8J,1992/5/20,TAB,6600,まーじゃんたいせん,256K,128K,4,yes,12,,
937,クイズプロジェクトQ,ヘクト,HCT-AC/016,1992/5/29,TAB,6800,くいずぷろじぇくとQ,256K,0K,4,yes,,,対[タップ]
938,CAPCOMバルセロナ’92,カプコン,CAP-1N,1992/6/5,SPT,6500,かぷこんばるせろな,128K,128K,4,yes,,,
939,三国志Ⅱ 覇王の大陸,ナムコ,-,1992/6/10,SLG,6900,さんごくしⅡ はおうのたいりく,256K,256K,19,yes,,,
940,まじかる☆タルるートくん2 まほうだいぼうけん,バンダイ,?,1992/6/19,ACT,5800,まじかる☆たるるーとくん2 まほうだいぼうけん,128K,128K,16,yes,23,,
941,エスパードリーム2 新たなる戦い,コナミ,RC861,1992/6/26,RPG,6800,えすぱーどりーむ2 あらたなるたたかい,256K,128K,26,yes,,,
942,ターミネーター2,パックインビデオ,PAC-TJ,1992/6/26,ACT,6500,たーみねーたー2,128K,128K,4,no,,B,
943,びっくり熱血新記録 はるかなる金メダル,テクノスジャパン,TJC-NK,1992/6/26,SPT,6500,びっくりねっけつしんきろく はるかなるきんめだる,128K,128K,4,no,,,
944,陰謀の惑星 シャンカラ,アイジーエス,IGS-SV,1992/6/26,SLG,9700,いんぼうのわくせい しゃんから,128K,128K,4,no,,,
945,聖鈴伝説リックル,タイトー,DTF-LK,1992/6/26,ACT,6800,せいすずでんせつりっくる,256K,128K,4,no,44,A,
946,THE GOLF '92 (ザゴルフ92),ジーオーワン,GO1-OO,1992/7/3,SPT,6900,ごるふ92,128K,128K,1,no,,,
947,パチンコ大作戦2,ココナッツジャパン,CDS-82,1992/7/10,TAB,6900,ぱちんこだいさくせん2,128K,128K,1,yes,,,対[パチンコ]
948,Summer Carnical '92 烈火（サマーカーニバル）,ナグザット,NAX-RE,1992/7/17,SHT,4980,さまーかーにばる92,128K,128K,4,no,,S,
949,サンリオカップ ポンポンバレー,キャラクターソフト,CTS-PM,1992/7/17,SPT,3980,さんりおかっぷ ぽんぽんばれー,32K,32K,3,no,,,
950,レッドアリーマーⅡ,カプコン,CAP-1L,1992/7/17,ACT,5800,れっどありーまーⅡ,128K,128K,4,no,,,
951,三つ目がとおる,トミー,TOM-3?,1992/7/17,ACT,6500,みつめがとおる,128K,128K,4,no,,,
952,シルヴァサーガ,セタ,KKS-SR,1992/7/24,RPG,7800,しるう゛ぁさーが,256K,256K,4,yes,,,
953,闘魂倶楽部,ジャレコ,JF-37,1992/7/24,ACT,6300,とうこんくらぶ,128K,256K,18,no,,,
954,魔法のプリンセスミンキーモモ リメンバードリーム,ユタカ,SHI-61,1992/7/29,ACT,6000,まほうのぷりんせすみんきーもも りめんばーどりーむ,128K,128K,1,no,,,
955,高橋名人の冒険島Ⅲ,ハドソン,HFC-4X,1992/7/31,ACT,5800,たかはしめいじんのぼうけんじまⅢ,128K,128K,4,no,,,
956,エイセスアイアンイーグルⅢ,パックインビデオ,PAC-99,1992/8/7,SHT,7400,えいせすあいあんいーぐるⅢ,256K,256K,4,no,,,
957,ドラゴンボールZⅢ 烈戦人造人間,バンダイ,?,1992/8/7,RPG,7800,どらごんぼーるZⅢ いさおせんじんぞうにんげん,256K,256K,16,yes,,,
958,フリントストーン THE RESCUE OF DINO & HOPPY,タイトー,TFC-FS-6800,1992/8/7,ACT,6800,ふりんとすとーん THE RESCUE OF DINO &amp; HOPPY,128K,256K,33,yes,45,B,
959,ムーンクリスタル,ヘクト,HCT-MS/017,1992/8/28,ACT,7800,むーんくりすたる,256K,256K,4,no,,S,
960,ギミアぶれいく 史上最強のクイズ王決定戦2,ヨネザワ,YZW-QP,1992/8/28,TAB,6800,ぎみあぶれいく しじょうさいきょうのくいずおうけっていせん2,256K,0K,1,no,,,対[タップ]
961,ダービースタリオン 全国版,アスキー,HSP-47,1992/8/29,ETC,7200,だーびーすたりおん ぜんこくばん,128K,128K,1,yes,,,
962,スーパーマリオUSA,任天堂,HVC-MT,1992/9/14,ACT,4900,すーぱーまりおUSA,128K,128K,4,no,,,
963,1999 ほれ、みたことか！世紀末,ココナッツジャパン,CDS-CS,1992/9/18,ETC,7300,いちきゅうきゅうきゅう,256K,128K,4,no,,,
964,ナムコプリズムゾーン ドリームマスター,ナムコ,-,1992/9/22,RPG,5800,なむこぷりずむぞーん どりーむますたー,256K,256K,19,no,,,
965,ゴール（GOAL）,ジャレコ,JF-38,1992/9/25,SPT,6300,ごーる（GOAL）,128K,128K,18,no,,,
966,ミッキーマウスⅢ 夢ふうせん,ケムコ,KTB-MD,1992/9/25,ACT,5900,みっきーまうすⅢ ゆめふうせん,128K,128K,4,no,,,
967,キャプテンセイバー,タイトー,TFC-CS-5900,1992/9/29,ACT,5900,きゃぷてんせいばー,128K,128K,33,no,46,B,
968,シャッフルファイト,バンプレスト,BAP-CB,1992/10/9,ETC,7600,しゃっふるふぁいと,256K,0K,4,no,,,
969,スポット,BPS,BPS-81,1992/10/16,ETC,5500,すぽっと,128K,0K,1,no,,,
970,ベストプレープロ野球スペシャル,アスキー,HSP-BS-1,1992/10/16,SLG,7500,べすとぷれーぷろやきゅうすぺしゃる,256K,0K,1,yes,,,
971,トップストライカー,ナムコ,-,1992/10/22,SPT,5800,とっぷすとらいかー,128K,128K,19,no,,,
972,SDガンダム外伝 ナイトガンダム物語3 伝説の騎士団,バンダイ,?,1992/10/23,RPG,7800,えすでぃーがんだむ,256K,256K,16,yes,,,
973,ダブルムーン伝説,日本コンピュータシステム,NCS-1T,1992/10/30,RPG,7900,だぶるむーんでんせつ,512K,0K,4,yes,,,
974,恐竜戦隊ジュウレンジャー,エンジェル,ANG-JF,1992/11/6,ACT,6000,きょうりゅうせんたいじゅうれんじゃー,128K,128K,4,no,,,
975,トムとジェリー,アルトロン,ALT-5Y,1992/11/13,ACT,6800,とむとじぇりー,128K,128K,4,no,,,
976,フェラーリ GRAND PRIX CHALLENGE,ココナッツジャパン,CDS-FS,1992/11/13,RAC,7300,ふぇらーり GRAND PRIX CHALLENGE,128K,128K,4,no,,,
977,コロンブス 黄金の夜明け,トミー,TOM-CO,1992/11/20,RPG,7500,ころんぶす おうごんのよあけ,128K,128K,4,yes,,,
978,ヨッシーのクッキー,任天堂,HVC-CI,1992/11/21,PZL,4757,よっしーのくっきー,128K,64K,4,no,,,
979,タイニートゥーンアドベンチャー2 モンタナランドへようこそ,コナミ,RV051,1992/11/27,ACT,4900,たいにーとぅーんあどべんちゃー2 もんたならんどへようこそ,128K,128K,85,no,,,
980,囲碁指南’93,ヘクト,HTS-??/018,1992/11/27,TAB,6800,いごしなん’93,128K,32K,1,no,,,
981,ちいさなおばけアッチコッチソッチ,バップ,VAP-AV 9513,1992/12/4,PZL,6800,ちいさなおばけあっちこっちそっち,128K,128K,1,no,,,
982,ロックマン5 ブルースの罠！？,カプコン,CAP-5V,1992/12/4,ACT,7800,ろっくまん5 ぶるーすのわな！？,256K,256K,4,no,,,
983,将棋名鑑’93,ヘクト,HCT-??/019,1992/12/4,TAB,6800,しょうぎめいかん’93,256K,0K,4,no,,,
984,ワギャンランド3,ナムコ,-,1992/12/8,ACT,5800,わぎゃんらんど3,256K,256K,19,no,,,
985,キョロちゃんランド,ヒロ,HIR-4C,1992/12/11,ACT,5800,きょろちゃんらんど,128K,0K,2,no,,,
986,ハローキティのおはなばたけ,キャラクターソフト,CTS-HL,1992/12/11,ACT,3980,はろーきてぃのおはなばたけ,32K,32K,3,no,,,
987,妖精物語 ロッドランド,ジャレコ,JF-39,1992/12/11,ACT,6500,ようせいものがたり ろっどらんど,128K,0K,2,no,,,
988,ジャストブリード,エニックス,EFC-I5,1992/12/15,RPG,9700,じゃすとぶりーど,512K,256K,5,yes,,,
989,バーコードワールド,サンソフト,?,1992/12/18,ACT,7200,ばーこーどわーるど,128K,256K,69,no,,,対[バトラー２]
990,SDガンダム ガチャポン戦士5 バトルオブユニバーサルセンチュリー,ユタカ,SHI-P5,1992/12/22,SLG,6800,えすでぃーがんだむがちゃぽんせんし5,128K,128K,4,yes,,,
991,ファミスタ’93,ナムコ,-,1992/12/22,SPT,4900,ふぁみすた’93,128K,128K,19,no,,,
992,熱血格闘伝説,テクノスジャパン,TJC-NA,1992/12/23,ACT,6500,ねっけつかくとうでんせつ,128K,128K,4,no,,,
993,ウルトラマン倶楽部 怪獣大決戦,エンジェル,ANG-UA,1992/12/25,ACT,6800,うるとらまんくらぶ かいじゅうだいけっせん,128K,256K,4,no,,,
994,グレイトバトルサイバー,バンプレスト,BAP-GC,1992/12/25,ACT,7300,ぐれいとばとるさいばー,128K,256K,4,no,,,
995,嗚呼！野球人生一直線,サミー工業,SAC-YA,1992/12/25,ETC,7300,ああ！やきゅうじんせいいっちょくせん,512K,0K,4,no,,,
996,[データック] ドラゴンボールZ激闘天下一武道会,バンダイ,?,1992/12/29,ACT,7800,どらごんぼーる,256K,0K,16,yes,,,データック
997,サンリオカーニバル2,キャラクターソフト,CTS-5Q,1993/1/14,PZL,3980,さんりおかーにばる2,32K,32K,3,no,,,
998,ワイリー＆ライトのロックボード ザッツパラダイス,カプコン,CAP-BE,1993/1/15,TAB,6500,わいりー＆らいとのろっくぼーど ざっつぱらだいす,256K,0K,4,no,,,
999,仮面ライダーSD グランショッカーの野望,エンジェル,ANG-KA,1993/1/22,ETC,6500,かめんらいだーSD ぐらんしょっかーのやぼう,128K,128K,4,yes,,,
1000,F－1センセーション,コナミ,KDS-FE,1993/1/29,RAC,5800,えふわんせんせーしょん,128K,128K,4,no,,,
1001,悪魔城ドラキュラ,コナミ,RV003,1993/2/5,ACT,3900,あくまじょうどらきゅら,128K,0K,2,no,,A,
1002,けろけろけろっぴの大冒険2 ドーナツ池はおおさわぎ,キャラクターソフト,CTS-KK,1993/2/19,ACT,5400,けろけろけろっぴのだいぼうけん2 どーなついけはおおさわぎ,128K,128K,1,no,,,
1003,バトルベースボール,バンプレスト,BAP-1Z,1993/2/19,SPT,8600,ばとるべーすぼーる,512K,0K,4,no,,,
1004,バイオミラクルぼくってウパ,コナミ,RV???,1993/2/26,ACT,3900,ばいおみらくるぼくってうぱ,128K,128K,25,no,,A,
1005,バブルボブル2,タイトー,TFC-BB-5900,1993/3/5,ACT,5900,ばぶるぼぶる2,128K,128K,33,no,47,,
1006,めざせ！トッププロ ～グリーンに賭ける夢～,ジャレコ,JF-41,1993/3/5,SPT,6500,めざせ！とっぷぷろ ～ぐりーんにかけるゆめ～,256K,128K,18,no,,,
1007,USA アイスホッケー in FC,ジャレコ,JF-40,1993/3/6,SPT,6300,ゆーえすえーあいすほっけー,128K,128K,18,no,,,
1008,スターウォーズ 帝国の逆襲(ビクター製),ビクター音楽産業,VFR-8V,1993/3/12,ACT,7900,すたーうぉーず ていこくのぎゃくしゅう(びくたーせい),256K,256K,4,no,,B,
1009,ぴょこたんの大迷路,サンソフト,?,1993/3/19,ADV,6000,ぴょこたんのだいめいろ,128K,128K,69,no,,B,
1010,カジノダービー,ヨネザワ,YZW-KO,1993/3/19,ETC,5500,かじのだーびー,128K,0K,1,no,,,対[タップ]
1011,星のカービィ 夢の泉の物語,任天堂,HVC-KI,1993/3/23,ACT,6300,ほしのかーびぃ ゆめのいずみのものがたり,512K,256K,4,yes,,,
1012,蒼き狼と白き牝鹿 元朝秘史,光栄,?,1993/3/25,SLG,11800,あおきおおかみとしろきめじか がんちょうひし,512K,256K,5,yes,,,
1013,もえろツインビー シナモン博士を救え,コナミ,RC813,1993/3/26,SHT,3900,もえろついんびー しなもんはかせをすくえ,128K,0K,2,no,,B,
1014,愛先生のOSHIETEわたしの星,アイレム,IF-27,1993/3/26,ETC,12800,あいせんせいのOSHIETEわたしのほし,256K,128K,32,no,27,B,
1015,炎の闘球児ドッジ弾平2,サンソフト,?,1993/3/26,SPT,6800,ほのおのとうきゅうじどっじだんだいら2,256K,256K,69,no,,,
1016,快傑ヤンチャ丸3 対決！ゾウリンゲン,アイレム,IF-28,1993/3/30,ACT,6500,かいけつやんちゃまる3 たいけつ！ぞうりんげん,128K,128K,65,no,28,A,
1017,[データック] SDガンダム ガンダムウォーズ,バンダイ,?,1993/4/23,SLG,2800,えすでぃー,256K,0K,16,yes,,,データック
1018,[データック] ウルトラマン倶楽部 スポ根ファイト,バンダイ,?,1993/4/23,SPT,2800,うるとらまん,256K,0K,16,yes,,,データック
1019,くにおくんの熱血サッカーリーグ,テクノスジャパン,TJC-NV,1993/4/23,SPT,6500,くにおくんのねっけつさっかーりーぐ,128K,128K,4,no,,,
1020,ジェットソン,タイトー,TFC-JS-6800,1993/4/23,ACT,6800,じぇっとそん,128K,256K,33,no,48,B,
1021,ダックテイルズ2,カプコン,CAP-DW,1993/4/23,ACT,5800,だっくているず2,128K,0K,2,no,,,
1022,ゴリラーマン,ヨネザワ,YZW-GR,1993/4/28,ETC,6900,ごりらーまん,512K,0K,4,no,,,
1023,ジョイメカファイト,任天堂,HVC-JM,1993/5/21,ACT,4900,じょいめかふぁいと,256K,256K,4,yes,,,
1024,パチ夫くん5 Jrの挑戦,ココナッツジャパン,CDS-PE,1993/6/11,TAB,8500,ぱちおっとくん5 Jrのちょうせん,256K,128K,4,yes,,,対[パチンコ]
1025,マイティファイナルファイト,カプコン,CAP-SD,1993/6/11,ACT,6500,まいてぃふぁいなるふぁいと,128K,128K,4,no,,,
1026,Jリーグファイティングサッカー THE KING OF ACE STRIKERS,アイジーエス,IGS-J5,1993/6/19,SPT,7900,じぇいりーぐふぁいてぃんぐさっかー,128K,128K,4,yes,,,
1027,うしおととら 深淵の大妖,ユタカ,SHI-RA,1993/7/9,RPG,7800,うしおととら しんえんのだいよう,128K,256K,4,yes,,,
1028,ぷよぷよ,徳間書店,TIM-PY,1993/7/23,PZL,5900,ぷよぷよ,128K,0K,2,no,,,
1029,FC原人,ハドソン,HFC-F3,1993/7/30,ACT,5800,えふしーげんじ,256K,128K,4,no,,,
1030,甲竜伝説ヴィルガスト外伝,エンジェル,ANG-V1,1993/7/30,RPG,8000,こうりゅうでんせつう゛ぃるがすとがいでん,128K,256K,4,yes,,,
1031,ドラゴンボールZ外伝 サイヤ人絶滅計画,バンダイ,?,1993/8/6,RPG,7800,どらごんぼーるZがいでん さいやじんぜつめつけいかく,256K,256K,16,yes,,,
1032,[データック] クレヨンしんちゃん オイラとポイポイ,バンダイ,?,1993/8/27,PZL,2600,くれよんしんちゃん,128K,128K,16,yes,,,データック
1033,クレヨンしんちゃん オイラとポイポイ,バンダイ,?,1993/8/27,PZL,5800,くれよんしんちゃん おいらとぽいぽい,256K,0K,16,no,,,
1034,パチスロアドベンチャー2 そろっ太くんのパチスロ探偵団,ココナッツジャパン,CDS-PG,1993/9/17,TAB,6900,ぱちすろあどべんちゃー2 そろっふとくんのぱちすろたんていだん,128K,128K,4,no,,,
1035,テトリスフラッシュ,任天堂,HVC-TR,1993/9/21,PZL,5900,てとりすふらっしゅ,128K,128K,4,no,,,
1036,[データック] 幽☆遊☆白書 爆闘暗黒武術会,バンダイ,?,1993/10/22,ACT,2800,ゆうゆうはくしょ,256K,0K,16,yes,,,データック
1037,大工の源さん2 赤毛のダンの逆襲,アイレム,IF-29,1993/10/22,ACT,6800,だいくのげんさん2 あかげのだんのぎゃくしゅう,256K,256K,65,no,29,,
1038,ろくでなしBLUES,バンダイ,?,1993/10/29,RPG,7800,ろくでなしBLUES,256K,256K,16,no,,B,
1039,ロックマン6 史上最大の闘い,カプコン,CAP-6V,1993/11/5,ACT,7800,ろっくまん6 しじょうさいだいのたたかい,512K,0K,4,no,,,
1040,[データック] バトルラッシュ,ビーアイ,?,1993/11/12,ACT,2800,ばとるらっしゅ,256K,0K,16,yes,,,データック
1041,RPG人生ゲーム,タカラ,TFC-LI,1993/11/26,ETC,7800,あーるぴーじーじんせいげーむ,256K,128K,118,yes,,,
1042,けろっぴとけろりーぬのスプラッシュボム,キャラクターソフト,CTS-SY,1993/12/1,ACT,4980,けろっぴとけろりーぬのすぷらっしゅぼむ,128K,32K,1,no,,,
1043,ファミスタ’94,ナムコ,-,1993/12/1,SPT,3900,ふぁみすた’94,128K,128K,19,no,,,
1044,チップとデールの大作戦2,カプコン,CAP-2D,1993/12/10,ACT,5800,ちっぷとでーるのだいさくせん2,128K,128K,1,no,,,
1045,なかよしといっしょ,ユタカ,SHI-MN,1993/12/10,ADV,7800,なかよしといっしょ,128K,256K,4,yes,,,
1046,囲碁指南’94,ヘクト,HCT-??/020,1993/12/17,TAB,6800,いごしなん’94,128K,32K,1,no,,,
1047,桃太郎伝説外伝,ハドソン,HFC-MV,1993/12/17,RPG,6800,ももたろうでんせつがいでん,512K,0K,4,yes,,,
1048,熱血！すとりーとバスケット がんばれDUNK HEROES,テクノスジャパン,TJC-BR,1993/12/17,SPT,6500,ねっけつ！すとりーとばすけっと がんばれだんくひーろーず,128K,128K,4,no,,B,
1049,ゼルダの伝説1,任天堂,HVC-ZL,1994/2/19,ADV,4900,ぜるだのでんせつ1,128K,0K,1,yes,,,
1050,ワリオの森,任天堂,HVC-UW,1994/2/19,PZL,4900,わりおのもり,256K,256K,4,yes,,,
1051,ファイナルファンタジーⅠ・Ⅱ,スクウェア,SQF-FO,1994/2/27,RPG,6800,ふぁいなるふぁんたじーⅠ・Ⅱ,512K,0K,1,yes,,,
1052,[データック] J-LEAGUEスーパートッププレイヤーズ,バンダイ,?,1994/4/22,SPT,2800,じぇい,256K,0K,16,yes,,,データック
1053,パチスロアドベンチャー3 ビタオシー7見参,ココナッツジャパン,HVC-PI,1994/5/13,TAB,7900,ぱちすろあどべんちゃー3 びたおしー7けんざん,128K,128K,4,no,,,
1054,Jリーグ ウイニングゴール,エレクトロニックアーツ・ビクター,HVC-W3,1994/5/27,SPT,7980,じぇいりーぐういにんぐごーる,128K,128K,4,no,,,
1055,高橋名人の冒険島Ⅳ,ハドソン,HVC-TT,1994/6/24,ACT,5800,たかはしめいじんのぼうけんじまⅣ,256K,128K,4,no,,S,
1056,NHK学園 スペース スクール 小学校の算数4年生 上,NHK/コナミ/東京書籍,?,19??/????/??,ETC,18000,んんん,?,?,?,no,,,要[Ｑ太]
1057,NHK学園 スペース スクール 小学校の算数4年生 下,NHK/コナミ/東京書籍,?,19??/????/??,ETC,18000,んんん,?,?,?,no,,,要[Ｑ太]
1058,NHK学園 スペース スクール 小学校の算数5年生 上,NHK/コナミ/東京書籍,?,19??/????/??,ETC,18000,んんん,?,?,?,no,,,要[Ｑ太]
1059,NHK学園 スペース スクール 小学校の算数5年生 下,NHK/コナミ/東京書籍,?,19??/????/??,ETC,18000,んんん,?,?,?,no,,,要[Ｑ太]
1060,NHK学園 スペース スクール 小学校の算数6年生 上,NHK/コナミ/東京書籍,?,19??/????/??,ETC,18000,んんん,?,?,?,no,,,要[Ｑ太]
1061,NHK学園 スペース スクール 小学校の算数6年生 下,NHK/コナミ/東京書籍,?,19??/????/??,ETC,18000,んんん,?,?,?,no,,,要[Ｑ太]
1062,JRA-PAT,?,?,1988/7/25,ETC,19800,んんん,?,?,?,?,,,要[通信アダプタ]/JRAの馬券が買える
1063,野村のファミコントレード,?,?,19??/????/??,ETC,?,んんん,?,?,?,?,,,要[通信アダプタ]
1064,野村のファミコントレード (V2),?,?,19??/????/??,ETC,?,んんん,?,?,?,?,,,要[通信アダプタ]
1065,新日本のファミコン ホームトレード,?,?,19??/????/??,ETC,?,んんん,?,?,?,?,,,要[通信アダプタ]
1066,住友 ホームライン,?,?,19??/????/??,ETC,?,んんん,?,?,?,?,,,要[通信アダプタ]
1067,ファミコンフィットネス,?,?,19??/????/??,ETC,?,んんん,?,?,?,?,,,要[通信アダプタ]
1068,スタディボックス,福武書店,?,19??/????/??,ETC,?,んんん,?,?,?,?,,,
